,sequence,,Epf,,edesired_minus_Epf,,subopt_e,,esubopt_minus_Epf,,precision,,recall,,mcc,,sln_Epf,,temp_shelf,,scoring_function,
,replica1,,replica1,,replica1,,replica1,,replica1,,replica1,,replica1,,replica1,,replica1,,replica1,,replica1,
0,GCAGGCGGCGGAACGCCGCGAAGCGGACCAGGGGGAAACCCCGGCGCCGC,,-31.124595642089844,,8.42459487915039,,0,,0,,0.05300000000000005,,0.5,,0.604,,0,,150,,8.42459487915039,
10,GGAGGCGGCGGAACGCAGUGAAACUGACCACGGGGAAACCCGGGCGCCCC,,-25.814163208007812,,4.514163970947266,,0,,0,,0.07699999999999996,,0.33299999999999996,,0.529,,0,,150,,4.514163970947266,
20,GGAGGCUGCGGAACGCAGUGAAACUGACCACGUGGCAACGCGGGGGCCCC,,-21.4874267578125,,3.687427520751953,,0,,0,,0.07699999999999996,,0.33299999999999996,,0.529,,0,,150,,3.687427520751953,
30,GGAGGCUGCGGAACGCAGUGAAACUGACCACUGGGCAACCAGGGGGCCCC,,-22.676450729370117,,3.676450729370117,,0,,0,,0.07699999999999996,,0.33299999999999996,,0.529,,0,,150,,3.676450729370117,
40,GGAGGCUGCGGAACGCAGUGAAACUGACCACGUGGCAACGCGGGGGCCCC,,-21.4874267578125,,3.687427520751953,,0,,0,,0.07699999999999996,,0.33299999999999996,,0.529,,0,,150,,3.687427520751953,
50,GGAGGCUGCGGAACGCAGUGAAACUGACCACUGGGCAACCAGGGGGCCCC,,-22.676450729370117,,3.676450729370117,,0,,0,,0.07699999999999996,,0.33299999999999996,,0.529,,0,,150,,3.676450729370117,
60,GGAGGCUGCGGAACGCAGUGAAACUGACCACGUGGCAACGCGGGGGCCCC,,-21.4874267578125,,3.687427520751953,,0,,0,,0.07699999999999996,,0.33299999999999996,,0.529,,0,,150,,3.687427520751953,
70,GGAGGCUGCGGAACGCAGUGAAACUGACCACUGGGCAACCAGGGGGCCCC,,-22.676450729370117,,3.676450729370117,,0,,0,,0.07699999999999996,,0.33299999999999996,,0.529,,0,,150,,3.676450729370117,
80,GGAGGCUGCGGAACGCAGUGAAACUGACCACGUGGCAACGCGGGGGCCCC,,-21.4874267578125,,3.687427520751953,,0,,0,,0.07699999999999996,,0.33299999999999996,,0.529,,0,,150,,3.687427520751953,
90,GGAGGCUGCGGAACGCAGUGAAACUGACCACUGGGCAACCAGGGGGCCCC,,-22.676450729370117,,3.676450729370117,,0,,0,,0.07699999999999996,,0.33299999999999996,,0.529,,0,,150,,3.676450729370117,
100,GGAGGCUGCGGAACGCAGUGAAACUGACCACGUGGCAACGCGGGGGCCCC,,-21.4874267578125,,3.687427520751953,,0,,0,,0.07699999999999996,,0.33299999999999996,,0.529,,0,,150,,3.687427520751953,
110,GGAGGCUGCGGAACGCAGUGAAACUGACCACUGGGCAACCAGGGGGCCCC,,-22.676450729370117,,3.676450729370117,,0,,0,,0.07699999999999996,,0.33299999999999996,,0.529,,0,,150,,3.676450729370117,
120,GGAGGCUGCGGAACGCAGUGAAACUGACCACGUGGCAACGCGGGGGCCCC,,-21.4874267578125,,3.687427520751953,,0,,0,,0.07699999999999996,,0.33299999999999996,,0.529,,0,,150,,3.687427520751953,
130,GGAGGCUGCGGAACGCAGUGAAACUGACCACUGGGCAACCAGGGGGCCCC,,-22.676450729370117,,3.676450729370117,,0,,0,,0.07699999999999996,,0.33299999999999996,,0.529,,0,,150,,3.676450729370117,
140,GGAGGCUGCGGAACGCAGUGAAACUGACCACGUGGCAACGCGGGGGCCCC,,-21.4874267578125,,3.687427520751953,,0,,0,,0.07699999999999996,,0.33299999999999996,,0.529,,0,,150,,3.687427520751953,
150,GGAGGCUGCGGAACGCAGUGAAACUGACCACUGGGCAACCAGGGGGCCCC,,-22.676450729370117,,3.676450729370117,,0,,0,,0.07699999999999996,,0.33299999999999996,,0.529,,0,,150,,3.676450729370117,
160,GGAGGCUGCGGAACGCAGUGAAACUGACCACGUGGCAACGCGGGGGCCCC,,-21.4874267578125,,3.687427520751953,,0,,0,,0.07699999999999996,,0.33299999999999996,,0.529,,0,,150,,3.687427520751953,
170,GGAGGCUGCGGAACGCAGUGAAACUGACCACUGGGCAACCAGGGGGCCCC,,-22.676450729370117,,3.676450729370117,,0,,0,,0.07699999999999996,,0.33299999999999996,,0.529,,0,,150,,3.676450729370117,
180,GGAGGCUGCGGAACGCAGUGAAACUGACCACGUGGCAACGCGGGGGCCCC,,-21.4874267578125,,3.687427520751953,,0,,0,,0.07699999999999996,,0.33299999999999996,,0.529,,0,,150,,3.687427520751953,
190,GGAGGCUGCGGAACGCAGUGAAACUGACCACUGGGCAACCAGGGGGCCCC,,-22.676450729370117,,3.676450729370117,,0,,0,,0.07699999999999996,,0.33299999999999996,,0.529,,0,,150,,3.676450729370117,
200,GGAGGCUGCGGAACGCAGUGAAACUGACCACGUGGCAACGCGGGGGCCCC,,-21.4874267578125,,3.687427520751953,,0,,0,,0.07699999999999996,,0.33299999999999996,,0.529,,0,,150,,3.687427520751953,
210,GGAGGCUGCGGAACGCAGUGAAACUGACCACUGGGCAACCAGGGGGCCCC,,-22.676450729370117,,3.676450729370117,,0,,0,,0.07699999999999996,,0.33299999999999996,,0.529,,0,,150,,3.676450729370117,
220,GGAGGCUGCGGAACGCAGUGAAACUGACCACGUGGCAACGCGGGGGCCCC,,-21.4874267578125,,3.687427520751953,,0,,0,,0.07699999999999996,,0.33299999999999996,,0.529,,0,,150,,3.687427520751953,
230,GGAGGCUGCGGAACGCAGUGAAACUGACCACUGGGCAACCAGGGGGCCCC,,-22.676450729370117,,3.676450729370117,,0,,0,,0.07699999999999996,,0.33299999999999996,,0.529,,0,,150,,3.676450729370117,
240,GGAGGCUGCGGAACGCAGUGAAACUGACCACGUGGCAACGCGGGGGCCCC,,-21.4874267578125,,3.687427520751953,,0,,0,,0.07699999999999996,,0.33299999999999996,,0.529,,0,,150,,3.687427520751953,
250,GGAGGCUGCGGAACGCAGUGAAACUGACCACUGGGCAACCAGGGGGCCCC,,-22.676450729370117,,3.676450729370117,,0,,0,,0.07699999999999996,,0.33299999999999996,,0.529,,0,,150,,3.676450729370117,
260,GGAGGCUGCGGAACGCAGUGAAACUGACCACGUGGCAACGCGGGGGCCCC,,-21.4874267578125,,3.687427520751953,,0,,0,,0.07699999999999996,,0.33299999999999996,,0.529,,0,,150,,3.687427520751953,
270,GGAGGCUGCGGAACGCAGUGAAACUGACCACUGGGCAACCAGGGGGCCCC,,-22.676450729370117,,3.676450729370117,,0,,0,,0.07699999999999996,,0.33299999999999996,,0.529,,0,,150,,3.676450729370117,
280,GGAGGCUGCGGAACGCAGUGAAACUGACCACGUGGCAACGCGGGGGCCCC,,-21.4874267578125,,3.687427520751953,,0,,0,,0.07699999999999996,,0.33299999999999996,,0.529,,0,,150,,3.687427520751953,
290,GGAGGCUGCGGAACGCAGUGAAACUGACCACUGGGCAACCAGGGGGCCCC,,-22.676450729370117,,3.676450729370117,,0,,0,,0.07699999999999996,,0.33299999999999996,,0.529,,0,,150,,3.676450729370117,
300,GGAGGCUGCGGAACGCAGUGAAACUGACCACGUGGCAACGCGGGGGCCCC,,-21.4874267578125,,3.687427520751953,,0,,0,,0.07699999999999996,,0.33299999999999996,,0.529,,0,,150,,3.687427520751953,
310,GGAGGCUGCGGAACGCAGUGAAACUGACCACUGGGCAACCAGGGGGCCCC,,-22.676450729370117,,3.676450729370117,,0,,0,,0.07699999999999996,,0.33299999999999996,,0.529,,0,,150,,3.676450729370117,
320,GGAGGCUGCGGAACGCAGUGAAACUGACCACGUGGCAACGCGGGGGCCCC,,-21.4874267578125,,3.687427520751953,,0,,0,,0.07699999999999996,,0.33299999999999996,,0.529,,0,,150,,3.687427520751953,
330,GGAGGCUGCGGAACGCAGUGAAACUGACCACUGGGCAACCAGGGGGCCCC,,-22.676450729370117,,3.676450729370117,,0,,0,,0.07699999999999996,,0.33299999999999996,,0.529,,0,,150,,3.676450729370117,
340,GGAGGCUGCGGAACGCAGUGAAACUGACCACGUGGCAACGCGGGGGCCCC,,-21.4874267578125,,3.687427520751953,,0,,0,,0.07699999999999996,,0.33299999999999996,,0.529,,0,,150,,3.687427520751953,
350,GGAGGCUGCGGAACGCAGUGAAACUGACCACUGGGCAACCAGGGGGCCCC,,-22.676450729370117,,3.676450729370117,,0,,0,,0.07699999999999996,,0.33299999999999996,,0.529,,0,,150,,3.676450729370117,
360,GGAGGCUGCGGAACGCAGUGAAACUGACCACGUGGCAACGCGGGGGCCCC,,-21.4874267578125,,3.687427520751953,,0,,0,,0.07699999999999996,,0.33299999999999996,,0.529,,0,,150,,3.687427520751953,
370,GGAGGCUGCGGAACGCAGUGAAACUGACCACUGGGCAACCAGGGGGCCCC,,-22.676450729370117,,3.676450729370117,,0,,0,,0.07699999999999996,,0.33299999999999996,,0.529,,0,,150,,3.676450729370117,
380,GGAGGCUGCGGAACGCAGUGAAACUGACCACGUGGCAACGCGGGGGCCCC,,-21.4874267578125,,3.687427520751953,,0,,0,,0.07699999999999996,,0.33299999999999996,,0.529,,0,,150,,3.687427520751953,
390,GGAGGCUGCGGAACGCAGUGAAACUGACCACUGGGCAACCAGGGGGCCCC,,-22.676450729370117,,3.676450729370117,,0,,0,,0.07699999999999996,,0.33299999999999996,,0.529,,0,,150,,3.676450729370117,
400,GGAGGCUGCGGAACGCAGUGAAACUGACCACGUGGCAACGCGGGGGCCCC,,-21.4874267578125,,3.687427520751953,,0,,0,,0.07699999999999996,,0.33299999999999996,,0.529,,0,,150,,3.687427520751953,
410,GGAGGCUGCGGAACGCAGUGAAACUGACCACUGGGCAACCAGGGGGCCCC,,-22.676450729370117,,3.676450729370117,,0,,0,,0.07699999999999996,,0.33299999999999996,,0.529,,0,,150,,3.676450729370117,
420,GGAGGCUGCGGAACGCAGUGAAACUGACCACGUGGCAACGCGGGGGCCCC,,-21.4874267578125,,3.687427520751953,,0,,0,,0.07699999999999996,,0.33299999999999996,,0.529,,0,,150,,3.687427520751953,
430,GGAGGCUGCGGAACGCAGUGAAACUGACCACUGGGCAACCAGGGGGCCCC,,-22.676450729370117,,3.676450729370117,,0,,0,,0.07699999999999996,,0.33299999999999996,,0.529,,0,,150,,3.676450729370117,
440,GGAGGCUGCGGAACGCAGUGAAACUGACCACGUGGCAACGCGGGGGCCCC,,-21.4874267578125,,3.687427520751953,,0,,0,,0.07699999999999996,,0.33299999999999996,,0.529,,0,,150,,3.687427520751953,
450,GGAGGCUGCGGAACGCAGUGAAACUGACCACUGGGCAACCAGGGGGCCCC,,-22.676450729370117,,3.676450729370117,,0,,0,,0.07699999999999996,,0.33299999999999996,,0.529,,0,,150,,3.676450729370117,
460,GGAGGCUGCGGAACGCAGUGAAACUGACCACGUGGCAACGCGGGGGCCCC,,-21.4874267578125,,3.687427520751953,,0,,0,,0.07699999999999996,,0.33299999999999996,,0.529,,0,,150,,3.687427520751953,
470,GGAGGCUGCGGAACGCAGUGAAACUGACCACUGGGCAACCAGGGGGCCCC,,-22.676450729370117,,3.676450729370117,,0,,0,,0.07699999999999996,,0.33299999999999996,,0.529,,0,,150,,3.676450729370117,
480,GGAGGCUGCGGAACGCAGUGAAACUGACCACGUGGCAACGCGGGGGCCCC,,-21.4874267578125,,3.687427520751953,,0,,0,,0.07699999999999996,,0.33299999999999996,,0.529,,0,,150,,3.687427520751953,
490,GGAGGCUGCGGAACGCAGUGAAACUGACCACUGGGCAACCAGGGGGCCCC,,-22.676450729370117,,3.676450729370117,,0,,0,,0.07699999999999996,,0.33299999999999996,,0.529,,0,,150,,3.676450729370117,
500,GGAGGCUGCGGAACGCAGUGAAACUGACCACGUGGCAACGCGGGGGCCCC,,-21.4874267578125,,3.687427520751953,,0,,0,,0.07699999999999996,,0.33299999999999996,,0.529,,0,,150,,3.687427520751953,
510,GGAGGCUGCGGAACGCAGUGAAACUGACCACUGGGCAACCAGGGGGCCCC,,-22.676450729370117,,3.676450729370117,,0,,0,,0.07699999999999996,,0.33299999999999996,,0.529,,0,,150,,3.676450729370117,
520,GGAGGCUGCGGAACGCAGUGAAACUGACCACGUGGCAACGCGGGGGCCCC,,-21.4874267578125,,3.687427520751953,,0,,0,,0.07699999999999996,,0.33299999999999996,,0.529,,0,,150,,3.687427520751953,
530,GGAGGCUGCGGAACGCAGUGAAACUGACCACUGGGCAACCAGGGGGCCCC,,-22.676450729370117,,3.676450729370117,,0,,0,,0.07699999999999996,,0.33299999999999996,,0.529,,0,,150,,3.676450729370117,
540,GGAGGCUGCGGAACGCAGUGAAACUGACCACGUGGCAACGCGGGGGCCCC,,-21.4874267578125,,3.687427520751953,,0,,0,,0.07699999999999996,,0.33299999999999996,,0.529,,0,,150,,3.687427520751953,
550,GGAGGCUGCGGAACGCAGUGAAACUGACCACUGGGCAACCAGGGGGCCCC,,-22.676450729370117,,3.676450729370117,,0,,0,,0.07699999999999996,,0.33299999999999996,,0.529,,0,,150,,3.676450729370117,
560,GGAGGCUGCGGAACGCAGUGAAACUGACCACGUGGCAACGCGGGGGCCCC,,-21.4874267578125,,3.687427520751953,,0,,0,,0.07699999999999996,,0.33299999999999996,,0.529,,0,,150,,3.687427520751953,
570,GGAGGCUGCGGAACGCAGUGAAACUGACCACUGGGCAACCAGGGGGCCCC,,-22.676450729370117,,3.676450729370117,,0,,0,,0.07699999999999996,,0.33299999999999996,,0.529,,0,,150,,3.676450729370117,
580,GGAGGCUGCGGAACGCAGUGAAACUGACCACGUGGCAACGCGGGGGCCCC,,-21.4874267578125,,3.687427520751953,,0,,0,,0.07699999999999996,,0.33299999999999996,,0.529,,0,,150,,3.687427520751953,
590,GGAGGCUGCGGAACGCAGUGAAACUGACCACUGGGCAACCAGGGGGCCCC,,-22.676450729370117,,3.676450729370117,,0,,0,,0.07699999999999996,,0.33299999999999996,,0.529,,0,,150,,3.676450729370117,
600,GGAGGCUGCGGAACGCAGUGAAACUGACCACGUGGCAACGCGGGGGCCCC,,-21.4874267578125,,3.687427520751953,,0,,0,,0.07699999999999996,,0.33299999999999996,,0.529,,0,,150,,3.687427520751953,
610,GGAGGCUGCGGAACGCAGUGAAACUGACCACUGGGCAACCAGGGGGCCCC,,-22.676450729370117,,3.676450729370117,,0,,0,,0.07699999999999996,,0.33299999999999996,,0.529,,0,,150,,3.676450729370117,
620,GGAGGCUGCGGAACGCAGUGAAACUGACCACGUGGCAACGCGGGGGCCCC,,-21.4874267578125,,3.687427520751953,,0,,0,,0.07699999999999996,,0.33299999999999996,,0.529,,0,,150,,3.687427520751953,
630,GGAGGCUGCGGAACGCAGUGAAACUGACCACUGGGCAACCAGGGGGCCCC,,-22.676450729370117,,3.676450729370117,,0,,0,,0.07699999999999996,,0.33299999999999996,,0.529,,0,,150,,3.676450729370117,
640,GGAGGCUGCGGAACGCAGUGAAACUGACCACGUGGCAACGCGGGGGCCCC,,-21.4874267578125,,3.687427520751953,,0,,0,,0.07699999999999996,,0.33299999999999996,,0.529,,0,,150,,3.687427520751953,
650,GGAGGCUGCGGAACGCAGUGAAACUGACCACUGGGCAACCAGGGGGCCCC,,-22.676450729370117,,3.676450729370117,,0,,0,,0.07699999999999996,,0.33299999999999996,,0.529,,0,,150,,3.676450729370117,
660,GGAGGCUGCGGAACGCAGUGAAACUGACCACGUGGCAACGCGGGGGCCCC,,-21.4874267578125,,3.687427520751953,,0,,0,,0.07699999999999996,,0.33299999999999996,,0.529,,0,,150,,3.687427520751953,
670,GGAGGCUGCGGAACGCAGUGAAACUGACCACUGGGCAACCAGGGGGCCCC,,-22.676450729370117,,3.676450729370117,,0,,0,,0.07699999999999996,,0.33299999999999996,,0.529,,0,,150,,3.676450729370117,
680,GGAGGCUGCGGAACGCAGUGAAACUGACCACGUGGCAACGCGGGGGCCCC,,-21.4874267578125,,3.687427520751953,,0,,0,,0.07699999999999996,,0.33299999999999996,,0.529,,0,,150,,3.687427520751953,
690,GGAGGCUGCGGAACGCAGUGAAACUGACCACUGGGCAACCAGGGGGCCCC,,-22.676450729370117,,3.676450729370117,,0,,0,,0.07699999999999996,,0.33299999999999996,,0.529,,0,,150,,3.676450729370117,
700,GGAGGCUGCGGAACGCAGUGAAACUGACCACGUGGCAACGCGGGGGCCCC,,-21.4874267578125,,3.687427520751953,,0,,0,,0.07699999999999996,,0.33299999999999996,,0.529,,0,,150,,3.687427520751953,
710,GGAGGCUGCGGAACGCAGUGAAACUGACCACUGGGCAACCAGGGGGCCCC,,-22.676450729370117,,3.676450729370117,,0,,0,,0.07699999999999996,,0.33299999999999996,,0.529,,0,,150,,3.676450729370117,
720,GGAGGCUGCGGAACGCAGUGAAACUGACCACGUGGCAACGCGGGGGCCCC,,-21.4874267578125,,3.687427520751953,,0,,0,,0.07699999999999996,,0.33299999999999996,,0.529,,0,,150,,3.687427520751953,
730,GGAGGCUGCGGAACGCAGUGAAACUGACCACUGGGCAACCAGGGGGCCCC,,-22.676450729370117,,3.676450729370117,,0,,0,,0.07699999999999996,,0.33299999999999996,,0.529,,0,,150,,3.676450729370117,
740,GGAGGCUGCGGAACGCAGUGAAACUGACCACGUGGCAACGCGGGGGCCCC,,-21.4874267578125,,3.687427520751953,,0,,0,,0.07699999999999996,,0.33299999999999996,,0.529,,0,,150,,3.687427520751953,
750,GGAGGCUGCGGAACGCAGUGAAACUGACCACUGGGCAACCAGGGGGCCCC,,-22.676450729370117,,3.676450729370117,,0,,0,,0.07699999999999996,,0.33299999999999996,,0.529,,0,,150,,3.676450729370117,
760,GGAGGCUGCGGAACGCAGUGAAACUGACCACGUGGCAACGCGGGGGCCCC,,-21.4874267578125,,3.687427520751953,,0,,0,,0.07699999999999996,,0.33299999999999996,,0.529,,0,,150,,3.687427520751953,
770,GGAGGCUGCGGAACGCAGUGAAACUGACCACUGGGCAACCAGGGGGCCCC,,-22.676450729370117,,3.676450729370117,,0,,0,,0.07699999999999996,,0.33299999999999996,,0.529,,0,,150,,3.676450729370117,
780,GGAGGCUGCGGAACGCAGUGAAACUGACCACGUGGCAACGCGGGGGCCCC,,-21.4874267578125,,3.687427520751953,,0,,0,,0.07699999999999996,,0.33299999999999996,,0.529,,0,,150,,3.687427520751953,
790,GGAGGCUGCGGAACGCAGUGAAACUGACCACUGGGCAACCAGGGGGCCCC,,-22.676450729370117,,3.676450729370117,,0,,0,,0.07699999999999996,,0.33299999999999996,,0.529,,0,,150,,3.676450729370117,
800,GGAGGCUGCGGAACGCAGUGAAACUGACCACGUGGCAACGCGGGGGCCCC,,-21.4874267578125,,3.687427520751953,,0,,0,,0.07699999999999996,,0.33299999999999996,,0.529,,0,,150,,3.687427520751953,
810,GGAGGCUGCGGAACGCAGUGAAACUGACCACUGGGCAACCAGGGGGCCCC,,-22.676450729370117,,3.676450729370117,,0,,0,,0.07699999999999996,,0.33299999999999996,,0.529,,0,,150,,3.676450729370117,
820,GGAGGCUGCGGAACGCAGUGAAACUGACCACGUGGCAACGCGGGGGCCCC,,-21.4874267578125,,3.687427520751953,,0,,0,,0.07699999999999996,,0.33299999999999996,,0.529,,0,,150,,3.687427520751953,
830,GGAGGCUGCGGAACGCAGUGAAACUGACCACUGGGCAACCAGGGGGCCCC,,-22.676450729370117,,3.676450729370117,,0,,0,,0.07699999999999996,,0.33299999999999996,,0.529,,0,,150,,3.676450729370117,
840,GGAGGCUGCGGAACGCAGUGAAACUGACCACGUGGCAACGCGGGGGCCCC,,-21.4874267578125,,3.687427520751953,,0,,0,,0.07699999999999996,,0.33299999999999996,,0.529,,0,,150,,3.687427520751953,
850,GGAGGCUGCGGAACGCAGUGAAACUGACCACUGGGCAACCAGGGGGCCCC,,-22.676450729370117,,3.676450729370117,,0,,0,,0.07699999999999996,,0.33299999999999996,,0.529,,0,,150,,3.676450729370117,
860,GGAGGCUGCGGAACGCAGUGAAACUGACCACGUGGCAACGCGGGGGCCCC,,-21.4874267578125,,3.687427520751953,,0,,0,,0.07699999999999996,,0.33299999999999996,,0.529,,0,,150,,3.687427520751953,
870,GGAGGCUGCGGAACGCAGUGAAACUGACCACUGGGCAACCAGGGGGCCCC,,-22.676450729370117,,3.676450729370117,,0,,0,,0.07699999999999996,,0.33299999999999996,,0.529,,0,,150,,3.676450729370117,
880,GGAGGCUGCGGAACGCAGUGAAACUGACCACGUGGCAACGCGGGGGCCCC,,-21.4874267578125,,3.687427520751953,,0,,0,,0.07699999999999996,,0.33299999999999996,,0.529,,0,,150,,3.687427520751953,
890,GGAGGCUGCGGAACGCAGUGAAACUGACCACUGGGCAACCAGGGGGCCCC,,-22.676450729370117,,3.676450729370117,,0,,0,,0.07699999999999996,,0.33299999999999996,,0.529,,0,,150,,3.676450729370117,
900,GGAGGCUGCGGAACGCAGUGAAACUGACCACGUGGCAACGCGGGGGCCCC,,-21.4874267578125,,3.687427520751953,,0,,0,,0.07699999999999996,,0.33299999999999996,,0.529,,0,,150,,3.687427520751953,
910,GGAGGCUGCGGAACGCAGUGAAACUGACCACUGGGCAACCAGGGGGCCCC,,-22.676450729370117,,3.676450729370117,,0,,0,,0.07699999999999996,,0.33299999999999996,,0.529,,0,,150,,3.676450729370117,
920,GGAGGCUGCGGAACGCAGUGAAACUGACCACGUGGCAACGCGGGGGCCCC,,-21.4874267578125,,3.687427520751953,,0,,0,,0.07699999999999996,,0.33299999999999996,,0.529,,0,,150,,3.687427520751953,
930,GGAGGCUGCGGAACGCAGUGAAACUGACCACUGGGCAACCAGGGGGCCCC,,-22.676450729370117,,3.676450729370117,,0,,0,,0.07699999999999996,,0.33299999999999996,,0.529,,0,,150,,3.676450729370117,
940,GGAGGCUGCGGAACGCAGUGAAACUGACCACGUGGCAACGCGGGGGCCCC,,-21.4874267578125,,3.687427520751953,,0,,0,,0.07699999999999996,,0.33299999999999996,,0.529,,0,,150,,3.687427520751953,
950,GGAGGCUGCGGAACGCAGUGAAACUGACCACUGGGCAACCAGGGGGCCCC,,-22.676450729370117,,3.676450729370117,,0,,0,,0.07699999999999996,,0.33299999999999996,,0.529,,0,,150,,3.676450729370117,
960,GGAGGCUGCGGAACGCAGUGAAACUGACCACGUGGCAACGCGGGGGCCCC,,-21.4874267578125,,3.687427520751953,,0,,0,,0.07699999999999996,,0.33299999999999996,,0.529,,0,,150,,3.687427520751953,
970,GGAGGCUGCGGAACGCAGUGAAACUGACCACUGGGCAACCAGGGGGCCCC,,-22.676450729370117,,3.676450729370117,,0,,0,,0.07699999999999996,,0.33299999999999996,,0.529,,0,,150,,3.676450729370117,
980,GGAGGCUGCGGAACGCAGUGAAACUGACCACGUGGCAACGCGGGGGCCCC,,-21.4874267578125,,3.687427520751953,,0,,0,,0.07699999999999996,,0.33299999999999996,,0.529,,0,,150,,3.687427520751953,
990,GGAGGCUGCGGAACGCAGUGAAACUGACCACUGGGCAACCAGGGGGCCCC,,-22.676450729370117,,3.676450729370117,,0,,0,,0.07699999999999996,,0.33299999999999996,,0.529,,0,,150,,3.676450729370117,
1000,GGAGGCUGCGGAACGCAGUGAAACUGACCACGUGGCAACGCGGGGGCCCC,,-21.4874267578125,,3.687427520751953,,0,,0,,0.07699999999999996,,0.33299999999999996,,0.529,,0,,150,,3.687427520751953,
1010,GGAGGCUGCGGAACGCAGUGAAACUGACCACUGGGCAACCAGGGGGCCCC,,-22.676450729370117,,3.676450729370117,,0,,0,,0.07699999999999996,,0.33299999999999996,,0.529,,0,,150,,3.676450729370117,
1020,GGAGGCUGCGGAACGCAGUGAAACUGACCACGUGGCAACGCGGGGGCCCC,,-21.4874267578125,,3.687427520751953,,0,,0,,0.07699999999999996,,0.33299999999999996,,0.529,,0,,150,,3.687427520751953,
1030,GGAGGCUGCGGAACGCAGUGAAACUGACCACUGGGCAACCAGGGGGCCCC,,-22.676450729370117,,3.676450729370117,,0,,0,,0.07699999999999996,,0.33299999999999996,,0.529,,0,,150,,3.676450729370117,
1040,GGAGGCUGCGGAACGCAGUGAAACUGACCACGUGGCAACGCGGGGGCCCC,,-21.4874267578125,,3.687427520751953,,0,,0,,0.07699999999999996,,0.33299999999999996,,0.529,,0,,150,,3.687427520751953,
1050,GGAGGCUGCGGAACGCAGUGAAACUGACCACUGGGCAACCAGGGGGCCCC,,-22.676450729370117,,3.676450729370117,,0,,0,,0.07699999999999996,,0.33299999999999996,,0.529,,0,,150,,3.676450729370117,
1060,GGAGGCUGCGGAACGCAGUGAAACUGACCACGUGGCAACGCGGGGGCCCC,,-21.4874267578125,,3.687427520751953,,0,,0,,0.07699999999999996,,0.33299999999999996,,0.529,,0,,150,,3.687427520751953,
1070,GGAGGCUGCGGAACGCAGUGAAACUGACCACUGGGCAACCAGGGGGCCCC,,-22.676450729370117,,3.676450729370117,,0,,0,,0.07699999999999996,,0.33299999999999996,,0.529,,0,,150,,3.676450729370117,
1080,GGAGGCUGCGGAACGCAGUGAAACUGACCACGUGGCAACGCGGGGGCCCC,,-21.4874267578125,,3.687427520751953,,0,,0,,0.07699999999999996,,0.33299999999999996,,0.529,,0,,150,,3.687427520751953,
1090,GGAGGCUGCGGAACGCAGUGAAACUGACCACUGGGCAACCAGGGGGCCCC,,-22.676450729370117,,3.676450729370117,,0,,0,,0.07699999999999996,,0.33299999999999996,,0.529,,0,,150,,3.676450729370117,
1100,GGAGGCUGCGGAACGCAGUGAAACUGACCACGUGGCAACGCGGGGGCCCC,,-21.4874267578125,,3.687427520751953,,0,,0,,0.07699999999999996,,0.33299999999999996,,0.529,,0,,150,,3.687427520751953,
1110,GGAGGCUGCGGAACGCAGUGAAACUGACCACUGGGCAACCAGGGGGCCCC,,-22.676450729370117,,3.676450729370117,,0,,0,,0.07699999999999996,,0.33299999999999996,,0.529,,0,,150,,3.676450729370117,
1120,GGAGGCUGCGGAACGCAGUGAAACUGACCACGUGGCAACGCGGGGGCCCC,,-21.4874267578125,,3.687427520751953,,0,,0,,0.07699999999999996,,0.33299999999999996,,0.529,,0,,150,,3.687427520751953,
1130,GGAGGCUGCGGAACGCAGUGAAACUGACCACUGGGCAACCAGGGGGCCCC,,-22.676450729370117,,3.676450729370117,,0,,0,,0.07699999999999996,,0.33299999999999996,,0.529,,0,,150,,3.676450729370117,
1140,GGAGGCUGCGGAACGCAGUGAAACUGACCACGUGGCAACGCGGGGGCCCC,,-21.4874267578125,,3.687427520751953,,0,,0,,0.07699999999999996,,0.33299999999999996,,0.529,,0,,150,,3.687427520751953,
1150,GGAGGCUGCGGAACGCAGUGAAACUGACCACUGGGCAACCAGGGGGCCCC,,-22.676450729370117,,3.676450729370117,,0,,0,,0.07699999999999996,,0.33299999999999996,,0.529,,0,,150,,3.676450729370117,
1160,GGAGGCUGCGGAACGCAGUGAAACUGACCACGUGGCAACGCGGGGGCCCC,,-21.4874267578125,,3.687427520751953,,0,,0,,0.07699999999999996,,0.33299999999999996,,0.529,,0,,150,,3.687427520751953,
1170,GGAGGCUGCGGAACGCAGUGAAACUGACCACUGGGCAACCAGGGGGCCCC,,-22.676450729370117,,3.676450729370117,,0,,0,,0.07699999999999996,,0.33299999999999996,,0.529,,0,,150,,3.676450729370117,
1180,GGAGGCUGCGGAACGCAGUGAAACUGACCACGUGGCAACGCGGGGGCCCC,,-21.4874267578125,,3.687427520751953,,0,,0,,0.07699999999999996,,0.33299999999999996,,0.529,,0,,150,,3.687427520751953,
1190,GGAGGCUGCGGAACGCAGUGAAACUGACCACUGGGCAACCAGGGGGCCCC,,-22.676450729370117,,3.676450729370117,,0,,0,,0.07699999999999996,,0.33299999999999996,,0.529,,0,,150,,3.676450729370117,
1200,GGAGGCUGCGGAACGCAGUGAAACUGACCACGUGGCAACGCGGGGGCCCC,,-21.4874267578125,,3.687427520751953,,0,,0,,0.07699999999999996,,0.33299999999999996,,0.529,,0,,150,,3.687427520751953,
1210,GGAGGCUGCGGAACGCAGUGAAACUGACCACUGGGCAACCAGGGGGCCCC,,-22.676450729370117,,3.676450729370117,,0,,0,,0.07699999999999996,,0.33299999999999996,,0.529,,0,,150,,3.676450729370117,
1220,GGAGGCUGCGGAACGCAGUGAAACUGACCACGUGGCAACGCGGGGGCCCC,,-21.4874267578125,,3.687427520751953,,0,,0,,0.07699999999999996,,0.33299999999999996,,0.529,,0,,150,,3.687427520751953,
1230,GGAGGCUGCGGAACGCAGUGAAACUGACCACUGGGCAACCAGGGGGCCCC,,-22.676450729370117,,3.676450729370117,,0,,0,,0.07699999999999996,,0.33299999999999996,,0.529,,0,,150,,3.676450729370117,
1240,GGAGGCUGCGGAACGCAGUGAAACUGACCACGUGGCAACGCGGGGGCCCC,,-21.4874267578125,,3.687427520751953,,0,,0,,0.07699999999999996,,0.33299999999999996,,0.529,,0,,150,,3.687427520751953,
1250,GGAGGCUGCGGAACGCAGUGAAACUGACCACUGGGCAACCAGGGGGCCCC,,-22.676450729370117,,3.676450729370117,,0,,0,,0.07699999999999996,,0.33299999999999996,,0.529,,0,,150,,3.676450729370117,
1260,GGAGGCUGCGGAACGCAGUGAAACUGACCACGUGGCAACGCGGGGGCCCC,,-21.4874267578125,,3.687427520751953,,0,,0,,0.07699999999999996,,0.33299999999999996,,0.529,,0,,150,,3.687427520751953,
1270,GGAGGCUGCGGAACGCAGUGAAACUGACCACUGGGCAACCAGGGGGCCCC,,-22.676450729370117,,3.676450729370117,,0,,0,,0.07699999999999996,,0.33299999999999996,,0.529,,0,,150,,3.676450729370117,
1280,GGAGGCUGCGGAACGCAGUGAAACUGACCACGUGGCAACGCGGGGGCCCC,,-21.4874267578125,,3.687427520751953,,0,,0,,0.07699999999999996,,0.33299999999999996,,0.529,,0,,150,,3.687427520751953,
1290,GGAGGCUGCGGAACGCAGUGAAACUGACCACUGGGCAACCAGGGGGCCCC,,-22.676450729370117,,3.676450729370117,,0,,0,,0.07699999999999996,,0.33299999999999996,,0.529,,0,,150,,3.676450729370117,
1300,GGAGGCUGCGGAACGCAGUGAAACUGACCACGUGGCAACGCGGGGGCCCC,,-21.4874267578125,,3.687427520751953,,0,,0,,0.07699999999999996,,0.33299999999999996,,0.529,,0,,150,,3.687427520751953,
1310,GGAGGCUGCGGAACGCAGUGAAACUGACCACUGGGCAACCAGGGGGCCCC,,-22.676450729370117,,3.676450729370117,,0,,0,,0.07699999999999996,,0.33299999999999996,,0.529,,0,,150,,3.676450729370117,
1320,GGAGGCUGCGGAACGCAGUGAAACUGACCACGUGGCAACGCGGGGGCCCC,,-21.4874267578125,,3.687427520751953,,0,,0,,0.07699999999999996,,0.33299999999999996,,0.529,,0,,150,,3.687427520751953,
1330,GGAGGCUGCGGAACGCAGUGAAACUGACCACUGGGCAACCAGGGGGCCCC,,-22.676450729370117,,3.676450729370117,,0,,0,,0.07699999999999996,,0.33299999999999996,,0.529,,0,,150,,3.676450729370117,
1340,GGAGGCUGCGGAACGCAGUGAAACUGACCACGUGGCAACGCGGGGGCCCC,,-21.4874267578125,,3.687427520751953,,0,,0,,0.07699999999999996,,0.33299999999999996,,0.529,,0,,150,,3.687427520751953,
1350,GGAGGCUGCGGAACGCAGUGAAACUGACCACUGGGCAACCAGGGGGCCCC,,-22.676450729370117,,3.676450729370117,,0,,0,,0.07699999999999996,,0.33299999999999996,,0.529,,0,,150,,3.676450729370117,
1360,GGAGGCUGCGGAACGCAGUGAAACUGACCACGUGGCAACGCGGGGGCCCC,,-21.4874267578125,,3.687427520751953,,0,,0,,0.07699999999999996,,0.33299999999999996,,0.529,,0,,150,,3.687427520751953,
1370,GGAGGCUGCGGAACGCAGUGAAACUGACCACUGGGCAACCAGGGGGCCCC,,-22.676450729370117,,3.676450729370117,,0,,0,,0.07699999999999996,,0.33299999999999996,,0.529,,0,,150,,3.676450729370117,
1380,GGAGGCUGCGGAACGCAGUGAAACUGACCACGUGGCAACGCGGGGGCCCC,,-21.4874267578125,,3.687427520751953,,0,,0,,0.07699999999999996,,0.33299999999999996,,0.529,,0,,150,,3.687427520751953,
1390,GGAGGCUGCGGAACGCAGUGAAACUGACCACUGGGCAACCAGGGGGCCCC,,-22.676450729370117,,3.676450729370117,,0,,0,,0.07699999999999996,,0.33299999999999996,,0.529,,0,,150,,3.676450729370117,
1400,GGAGGCUGCGGAACGCAGUGAAACUGACCACGUGGCAACGCGGGGGCCCC,,-21.4874267578125,,3.687427520751953,,0,,0,,0.07699999999999996,,0.33299999999999996,,0.529,,0,,150,,3.687427520751953,
1410,GGAGGCUGCGGAACGCAGUGAAACUGACCACUGGGCAACCAGGGGGCCCC,,-22.676450729370117,,3.676450729370117,,0,,0,,0.07699999999999996,,0.33299999999999996,,0.529,,0,,150,,3.676450729370117,
1420,GGAGGCUGCGGAACGCAGUGAAACUGACCACGUGGCAACGCGGGGGCCCC,,-21.4874267578125,,3.687427520751953,,0,,0,,0.07699999999999996,,0.33299999999999996,,0.529,,0,,150,,3.687427520751953,
1430,GGAGGCUGCGGAACGCAGUGAAACUGACCACUGGGCAACCAGGGGGCCCC,,-22.676450729370117,,3.676450729370117,,0,,0,,0.07699999999999996,,0.33299999999999996,,0.529,,0,,150,,3.676450729370117,
1440,GGAGGCUGCGGAACGCAGUGAAACUGACCACGUGGCAACGCGGGGGCCCC,,-21.4874267578125,,3.687427520751953,,0,,0,,0.07699999999999996,,0.33299999999999996,,0.529,,0,,150,,3.687427520751953,
1450,GGAGGCUGCGGAACGCAGUGAAACUGACCACUGGGCAACCAGGGGGCCCC,,-22.676450729370117,,3.676450729370117,,0,,0,,0.07699999999999996,,0.33299999999999996,,0.529,,0,,150,,3.676450729370117,
1460,GGAGGCUGCGGAACGCAGUGAAACUGACCACGUGGCAACGCGGGGGCCCC,,-21.4874267578125,,3.687427520751953,,0,,0,,0.07699999999999996,,0.33299999999999996,,0.529,,0,,150,,3.687427520751953,
1470,GGAGGCUGCGGAACGCAGUGAAACUGACCACUGGGCAACCAGGGGGCCCC,,-22.676450729370117,,3.676450729370117,,0,,0,,0.07699999999999996,,0.33299999999999996,,0.529,,0,,150,,3.676450729370117,
1480,GGAGGCUGCGGAACGCAGUGAAACUGACCACGUGGCAACGCGGGGGCCCC,,-21.4874267578125,,3.687427520751953,,0,,0,,0.07699999999999996,,0.33299999999999996,,0.529,,0,,150,,3.687427520751953,
1490,GGAGGCUGCGGAACGCAGUGAAACUGACCACUGGGCAACCAGGGGGCCCC,,-22.676450729370117,,3.676450729370117,,0,,0,,0.07699999999999996,,0.33299999999999996,,0.529,,0,,150,,3.676450729370117,
1500,GGAGGCUGCGGAACGCAGUGAAACUGACCACGUGGCAACGCGGGGGCCCC,,-21.4874267578125,,3.687427520751953,,0,,0,,0.07699999999999996,,0.33299999999999996,,0.529,,0,,150,,3.687427520751953,
1510,GGAGGCUGCGGAACGCAGUGAAACUGACCACUGGGCAACCAGGGGGCCCC,,-22.676450729370117,,3.676450729370117,,0,,0,,0.07699999999999996,,0.33299999999999996,,0.529,,0,,150,,3.676450729370117,
1520,GGAGGCUGCGGAACGCAGUGAAACUGACCACGUGGCAACGCGGGGGCCCC,,-21.4874267578125,,3.687427520751953,,0,,0,,0.07699999999999996,,0.33299999999999996,,0.529,,0,,150,,3.687427520751953,
1530,GGAGGCUGCGGAACGCAGUGAAACUGACCACUGGGCAACCAGGGGGCCCC,,-22.676450729370117,,3.676450729370117,,0,,0,,0.07699999999999996,,0.33299999999999996,,0.529,,0,,150,,3.676450729370117,
1540,GGAGGCUGCGGAACGCAGUGAAACUGACCACGUGGCAACGCGGGGGCCCC,,-21.4874267578125,,3.687427520751953,,0,,0,,0.07699999999999996,,0.33299999999999996,,0.529,,0,,150,,3.687427520751953,
1550,GGAGGCUGCGGAACGCAGUGAAACUGACCACUGGGCAACCAGGGGGCCCC,,-22.676450729370117,,3.676450729370117,,0,,0,,0.07699999999999996,,0.33299999999999996,,0.529,,0,,150,,3.676450729370117,
1560,GGAGGCUGCGGAACGCAGUGAAACUGACCACGUGGCAACGCGGGGGCCCC,,-21.4874267578125,,3.687427520751953,,0,,0,,0.07699999999999996,,0.33299999999999996,,0.529,,0,,150,,3.687427520751953,
1570,GGAGGCUGCGGAACGCAGUGAAACUGACCACUGGGCAACCAGGGGGCCCC,,-22.676450729370117,,3.676450729370117,,0,,0,,0.07699999999999996,,0.33299999999999996,,0.529,,0,,150,,3.676450729370117,
1580,GGAGGCUGCGGAACGCAGUGAAACUGACCACGUGGCAACGCGGGGGCCCC,,-21.4874267578125,,3.687427520751953,,0,,0,,0.07699999999999996,,0.33299999999999996,,0.529,,0,,150,,3.687427520751953,
1590,GGAGGCUGCGGAACGCAGUGAAACUGACCACUGGGCAACCAGGGGGCCCC,,-22.676450729370117,,3.676450729370117,,0,,0,,0.07699999999999996,,0.33299999999999996,,0.529,,0,,150,,3.676450729370117,
1600,GGAGGCUGCGGAACGCAGUGAAACUGACCACGUGGCAACGCGGGGGCCCC,,-21.4874267578125,,3.687427520751953,,0,,0,,0.07699999999999996,,0.33299999999999996,,0.529,,0,,150,,3.687427520751953,
1610,GGAGGCUGCGGAACGCAGUGAAACUGACCACUGGGCAACCAGGGGGCCCC,,-22.676450729370117,,3.676450729370117,,0,,0,,0.07699999999999996,,0.33299999999999996,,0.529,,0,,150,,3.676450729370117,
1620,GGAGGCUGCGGAACGCAGUGAAACUGACCACGUGGCAACGCGGGGGCCCC,,-21.4874267578125,,3.687427520751953,,0,,0,,0.07699999999999996,,0.33299999999999996,,0.529,,0,,150,,3.687427520751953,
1630,GGAGGCUGCGGAACGCAGUGAAACUGACCACUGGGCAACCAGGGGGCCCC,,-22.676450729370117,,3.676450729370117,,0,,0,,0.07699999999999996,,0.33299999999999996,,0.529,,0,,150,,3.676450729370117,
1640,GGAGGCUGCGGAACGCAGUGAAACUGACCACGUGGCAACGCGGGGGCCCC,,-21.4874267578125,,3.687427520751953,,0,,0,,0.07699999999999996,,0.33299999999999996,,0.529,,0,,150,,3.687427520751953,
1650,GGAGGCUGCGGAACGCAGUGAAACUGACCACUGGGCAACCAGGGGGCCCC,,-22.676450729370117,,3.676450729370117,,0,,0,,0.07699999999999996,,0.33299999999999996,,0.529,,0,,150,,3.676450729370117,
1660,GGAGGCUGCGGAACGCAGUGAAACUGACCACGUGGCAACGCGGGGGCCCC,,-21.4874267578125,,3.687427520751953,,0,,0,,0.07699999999999996,,0.33299999999999996,,0.529,,0,,150,,3.687427520751953,
1670,GGAGGCUGCGGAACGCAGUGAAACUGACCACUGGGCAACCAGGGGGCCCC,,-22.676450729370117,,3.676450729370117,,0,,0,,0.07699999999999996,,0.33299999999999996,,0.529,,0,,150,,3.676450729370117,
1680,GGAGGCUGCGGAACGCAGUGAAACUGACCACGUGGCAACGCGGGGGCCCC,,-21.4874267578125,,3.687427520751953,,0,,0,,0.07699999999999996,,0.33299999999999996,,0.529,,0,,150,,3.687427520751953,
1690,GGAGGCUGCGGAACGCAGUGAAACUGACCACUGGGCAACCAGGGGGCCCC,,-22.676450729370117,,3.676450729370117,,0,,0,,0.07699999999999996,,0.33299999999999996,,0.529,,0,,150,,3.676450729370117,
1700,GGAGGCUGCGGAACGCAGUGAAACUGACCACGUGGCAACGCGGGGGCCCC,,-21.4874267578125,,3.687427520751953,,0,,0,,0.07699999999999996,,0.33299999999999996,,0.529,,0,,150,,3.687427520751953,
1710,GGAGGCUGCGGAACGCAGUGAAACUGACCACUGGGCAACCAGGGGGCCCC,,-22.676450729370117,,3.676450729370117,,0,,0,,0.07699999999999996,,0.33299999999999996,,0.529,,0,,150,,3.676450729370117,
1720,GGAGGCUGCGGAACGCAGUGAAACUGACCACGUGGCAACGCGGGGGCCCC,,-21.4874267578125,,3.687427520751953,,0,,0,,0.07699999999999996,,0.33299999999999996,,0.529,,0,,150,,3.687427520751953,
1730,GGAGGCUGCGGAACGCAGUGAAACUGACCACUGGGCAACCAGGGGGCCCC,,-22.676450729370117,,3.676450729370117,,0,,0,,0.07699999999999996,,0.33299999999999996,,0.529,,0,,150,,3.676450729370117,
1740,GGAGGCUGCGGAACGCAGUGAAACUGACCACGUGGCAACGCGGGGGCCCC,,-21.4874267578125,,3.687427520751953,,0,,0,,0.07699999999999996,,0.33299999999999996,,0.529,,0,,150,,3.687427520751953,
1750,GGAGGCUGCGGAACGCAGUGAAACUGACCACUGGGCAACCAGGGGGCCCC,,-22.676450729370117,,3.676450729370117,,0,,0,,0.07699999999999996,,0.33299999999999996,,0.529,,0,,150,,3.676450729370117,
1760,GGAGGCUGCGGAACGCAGUGAAACUGACCACGUGGCAACGCGGGGGCCCC,,-21.4874267578125,,3.687427520751953,,0,,0,,0.07699999999999996,,0.33299999999999996,,0.529,,0,,150,,3.687427520751953,
1770,GGAGGCUGCGGAACGCAGUGAAACUGACCACUGGGCAACCAGGGGGCCCC,,-22.676450729370117,,3.676450729370117,,0,,0,,0.07699999999999996,,0.33299999999999996,,0.529,,0,,150,,3.676450729370117,
1780,GGAGGCUGCGGAACGCAGUGAAACUGACCACGUGGCAACGCGGGGGCCCC,,-21.4874267578125,,3.687427520751953,,0,,0,,0.07699999999999996,,0.33299999999999996,,0.529,,0,,150,,3.687427520751953,
1790,GGAGGCUGCGGAACGCAGUGAAACUGACCACUGGGCAACCAGGGGGCCCC,,-22.676450729370117,,3.676450729370117,,0,,0,,0.07699999999999996,,0.33299999999999996,,0.529,,0,,150,,3.676450729370117,
1800,GGAGGCUGCGGAACGCAGUGAAACUGACCACGUGGCAACGCGGGGGCCCC,,-21.4874267578125,,3.687427520751953,,0,,0,,0.07699999999999996,,0.33299999999999996,,0.529,,0,,150,,3.687427520751953,
1810,GGAGGCUGCGGAACGCAGUGAAACUGACCACUGGGCAACCAGGGGGCCCC,,-22.676450729370117,,3.676450729370117,,0,,0,,0.07699999999999996,,0.33299999999999996,,0.529,,0,,150,,3.676450729370117,
1820,GGAGGCUGCGGAACGCAGUGAAACUGACCACGUGGCAACGCGGGGGCCCC,,-21.4874267578125,,3.687427520751953,,0,,0,,0.07699999999999996,,0.33299999999999996,,0.529,,0,,150,,3.687427520751953,
1830,GGAGGCUGCGGAACGCAGUGAAACUGACCACUGGGCAACCAGGGGGCCCC,,-22.676450729370117,,3.676450729370117,,0,,0,,0.07699999999999996,,0.33299999999999996,,0.529,,0,,150,,3.676450729370117,
1840,GGAGGCUGCGGAACGCAGUGAAACUGACCACGUGGCAACGCGGGGGCCCC,,-21.4874267578125,,3.687427520751953,,0,,0,,0.07699999999999996,,0.33299999999999996,,0.529,,0,,150,,3.687427520751953,
1850,GGAGGCUGCGGAACGCAGUGAAACUGACCACUGGGCAACCAGGGGGCCCC,,-22.676450729370117,,3.676450729370117,,0,,0,,0.07699999999999996,,0.33299999999999996,,0.529,,0,,150,,3.676450729370117,
1860,GGAGGCUGCGGAACGCAGUGAAACUGACCACGUGGCAACGCGGGGGCCCC,,-21.4874267578125,,3.687427520751953,,0,,0,,0.07699999999999996,,0.33299999999999996,,0.529,,0,,150,,3.687427520751953,
1870,GGAGGCUGCGGAACGCAGUGAAACUGACCACUGGGCAACCAGGGGGCCCC,,-22.676450729370117,,3.676450729370117,,0,,0,,0.07699999999999996,,0.33299999999999996,,0.529,,0,,150,,3.676450729370117,
1880,GGAGGCUGCGGAACGCAGUGAAACUGACCACGUGGCAACGCGGGGGCCCC,,-21.4874267578125,,3.687427520751953,,0,,0,,0.07699999999999996,,0.33299999999999996,,0.529,,0,,150,,3.687427520751953,
1890,GGAGGCUGCGGAACGCAGUGAAACUGACCACUGGGCAACCAGGGGGCCCC,,-22.676450729370117,,3.676450729370117,,0,,0,,0.07699999999999996,,0.33299999999999996,,0.529,,0,,150,,3.676450729370117,
1900,GGAGGCUGCGGAACGCAGUGAAACUGACCACGUGGCAACGCGGGGGCCCC,,-21.4874267578125,,3.687427520751953,,0,,0,,0.07699999999999996,,0.33299999999999996,,0.529,,0,,150,,3.687427520751953,
1910,GGAGGCUGCGGAACGCAGUGAAACUGACCACUGGGCAACCAGGGGGCCCC,,-22.676450729370117,,3.676450729370117,,0,,0,,0.07699999999999996,,0.33299999999999996,,0.529,,0,,150,,3.676450729370117,
1920,GGAGGCUGCGGAACGCAGUGAAACUGACCACGUGGCAACGCGGGGGCCCC,,-21.4874267578125,,3.687427520751953,,0,,0,,0.07699999999999996,,0.33299999999999996,,0.529,,0,,150,,3.687427520751953,
1930,GGAGGCUGCGGAACGCAGUGAAACUGACCACUGGGCAACCAGGGGGCCCC,,-22.676450729370117,,3.676450729370117,,0,,0,,0.07699999999999996,,0.33299999999999996,,0.529,,0,,150,,3.676450729370117,
1940,GGAGGCUGCGGAACGCAGUGAAACUGACCACGUGGCAACGCGGGGGCCCC,,-21.4874267578125,,3.687427520751953,,0,,0,,0.07699999999999996,,0.33299999999999996,,0.529,,0,,150,,3.687427520751953,
1950,GGAGGCUGCGGAACGCAGUGAAACUGACCACUGGGCAACCAGGGGGCCCC,,-22.676450729370117,,3.676450729370117,,0,,0,,0.07699999999999996,,0.33299999999999996,,0.529,,0,,150,,3.676450729370117,
1960,GGAGGCUGCGGAACGCAGUGAAACUGACCACGUGGCAACGCGGGGGCCCC,,-21.4874267578125,,3.687427520751953,,0,,0,,0.07699999999999996,,0.33299999999999996,,0.529,,0,,150,,3.687427520751953,
1970,GGAGGCUGCGGAACGCAGUGAAACUGACCACUGGGCAACCAGGGGGCCCC,,-22.676450729370117,,3.676450729370117,,0,,0,,0.07699999999999996,,0.33299999999999996,,0.529,,0,,150,,3.676450729370117,
1980,GGAGGCUGCGGAACGCAGUGAAACUGACCACGUGGCAACGCGGGGGCCCC,,-21.4874267578125,,3.687427520751953,,0,,0,,0.07699999999999996,,0.33299999999999996,,0.529,,0,,150,,3.687427520751953,
1990,GGAGGCUGCGGAACGCAGUGAAACUGACCACUGGGCAACCAGGGGGCCCC,,-22.676450729370117,,3.676450729370117,,0,,0,,0.07699999999999996,,0.33299999999999996,,0.529,,0,,150,,3.676450729370117,
2000,GGAGGCUGCGGAACGCAGUGAAACUGACCACGUGGCAACGCGGGGGCCCC,,-21.4874267578125,,3.687427520751953,,0,,0,,0.07699999999999996,,0.33299999999999996,,0.529,,0,,150,,3.687427520751953,
2010,GGAGGCUGCGGAACGCAGUGAAACUGACCACUGGGCAACCAGGGGGCCCC,,-22.676450729370117,,3.676450729370117,,0,,0,,0.07699999999999996,,0.33299999999999996,,0.529,,0,,150,,3.676450729370117,
2020,GGAGGCUGCGGAACGCAGUGAAACUGACCACGUGGCAACGCGGGGGCCCC,,-21.4874267578125,,3.687427520751953,,0,,0,,0.07699999999999996,,0.33299999999999996,,0.529,,0,,150,,3.687427520751953,
2030,GGAGGCUGCGGAACGCAGUGAAACUGACCACUGGGCAACCAGGGGGCCCC,,-22.676450729370117,,3.676450729370117,,0,,0,,0.07699999999999996,,0.33299999999999996,,0.529,,0,,150,,3.676450729370117,
2040,GGAGGCUGCGGAACGCAGUGAAACUGACCACGUGGCAACGCGGGGGCCCC,,-21.4874267578125,,3.687427520751953,,0,,0,,0.07699999999999996,,0.33299999999999996,,0.529,,0,,150,,3.687427520751953,
2050,GGAGGCUGCGGAACGCAGUGAAACUGACCACUGGGCAACCAGGGGGCCCC,,-22.676450729370117,,3.676450729370117,,0,,0,,0.07699999999999996,,0.33299999999999996,,0.529,,0,,150,,3.676450729370117,
2060,GGAGGCUGCGGAACGCAGUGAAACUGACCACGUGGCAACGCGGGGGCCCC,,-21.4874267578125,,3.687427520751953,,0,,0,,0.07699999999999996,,0.33299999999999996,,0.529,,0,,150,,3.687427520751953,
2070,GGAGGCUGCGGAACGCAGUGAAACUGACCACUGGGCAACCAGGGGGCCCC,,-22.676450729370117,,3.676450729370117,,0,,0,,0.07699999999999996,,0.33299999999999996,,0.529,,0,,150,,3.676450729370117,
2080,GGAGGCUGCGGAACGCAGUGAAACUGACCACGUGGCAACGCGGGGGCCCC,,-21.4874267578125,,3.687427520751953,,0,,0,,0.07699999999999996,,0.33299999999999996,,0.529,,0,,150,,3.687427520751953,
2090,GGAGGCUGCGGAACGCAGUGAAACUGACCACUGGGCAACCAGGGGGCCCC,,-22.676450729370117,,3.676450729370117,,0,,0,,0.07699999999999996,,0.33299999999999996,,0.529,,0,,150,,3.676450729370117,
2100,GGAGGCUGCGGAACGCAGUGAAACUGACCACGUGGCAACGCGGGGGCCCC,,-21.4874267578125,,3.687427520751953,,0,,0,,0.07699999999999996,,0.33299999999999996,,0.529,,0,,150,,3.687427520751953,
2110,GGAGGCUGCGGAACGCAGUGAAACUGACCACUGGGCAACCAGGGGGCCCC,,-22.676450729370117,,3.676450729370117,,0,,0,,0.07699999999999996,,0.33299999999999996,,0.529,,0,,150,,3.676450729370117,
2120,GGAGGCUGCGGAACGCAGUGAAACUGACCACGUGGCAACGCGGGGGCCCC,,-21.4874267578125,,3.687427520751953,,0,,0,,0.07699999999999996,,0.33299999999999996,,0.529,,0,,150,,3.687427520751953,
2130,GGAGGCUGCGGAACGCAGUGAAACUGACCACUGGGCAACCAGGGGGCCCC,,-22.676450729370117,,3.676450729370117,,0,,0,,0.07699999999999996,,0.33299999999999996,,0.529,,0,,150,,3.676450729370117,
2140,GGAGGCUGCGGAACGCAGUGAAACUGACCACGUGGCAACGCGGGGGCCCC,,-21.4874267578125,,3.687427520751953,,0,,0,,0.07699999999999996,,0.33299999999999996,,0.529,,0,,150,,3.687427520751953,
2150,GGAGGCUGCGGAACGCAGUGAAACUGACCACUGGGCAACCAGGGGGCCCC,,-22.676450729370117,,3.676450729370117,,0,,0,,0.07699999999999996,,0.33299999999999996,,0.529,,0,,150,,3.676450729370117,
2160,GGAGGCUGCGGAACGCAGUGAAACUGACCACGUGGCAACGCGGGGGCCCC,,-21.4874267578125,,3.687427520751953,,0,,0,,0.07699999999999996,,0.33299999999999996,,0.529,,0,,150,,3.687427520751953,
2170,GGAGGCUGCGGAACGCAGUGAAACUGACCACUGGGCAACCAGGGGGCCCC,,-22.676450729370117,,3.676450729370117,,0,,0,,0.07699999999999996,,0.33299999999999996,,0.529,,0,,150,,3.676450729370117,
2180,GGAGGCUGCGGAACGCAGUGAAACUGACCACGUGGCAACGCGGGGGCCCC,,-21.4874267578125,,3.687427520751953,,0,,0,,0.07699999999999996,,0.33299999999999996,,0.529,,0,,150,,3.687427520751953,
2190,GGAGGCUGCGGAACGCAGUGAAACUGACCACUGGGCAACCAGGGGGCCCC,,-22.676450729370117,,3.676450729370117,,0,,0,,0.07699999999999996,,0.33299999999999996,,0.529,,0,,150,,3.676450729370117,
2200,GGAGGCUGCGGAACGCAGUGAAACUGACCACGUGGCAACGCGGGGGCCCC,,-21.4874267578125,,3.687427520751953,,0,,0,,0.07699999999999996,,0.33299999999999996,,0.529,,0,,150,,3.687427520751953,
2210,GGAGGCUGCGGAACGCAGUGAAACUGACCACUGGGCAACCAGGGGGCCCC,,-22.676450729370117,,3.676450729370117,,0,,0,,0.07699999999999996,,0.33299999999999996,,0.529,,0,,150,,3.676450729370117,
2220,GGAGGCUGCGGAACGCAGUGAAACUGACCACGUGGCAACGCGGGGGCCCC,,-21.4874267578125,,3.687427520751953,,0,,0,,0.07699999999999996,,0.33299999999999996,,0.529,,0,,150,,3.687427520751953,
2230,GGAGGCUGCGGAACGCAGUGAAACUGACCACUGGGCAACCAGGGGGCCCC,,-22.676450729370117,,3.676450729370117,,0,,0,,0.07699999999999996,,0.33299999999999996,,0.529,,0,,150,,3.676450729370117,
2240,GGAGGCUGCGGAACGCAGUGAAACUGACCACGUGGCAACGCGGGGGCCCC,,-21.4874267578125,,3.687427520751953,,0,,0,,0.07699999999999996,,0.33299999999999996,,0.529,,0,,150,,3.687427520751953,
2250,GGAGGCUGCGGAACGCAGUGAAACUGACCACUGGGCAACCAGGGGGCCCC,,-22.676450729370117,,3.676450729370117,,0,,0,,0.07699999999999996,,0.33299999999999996,,0.529,,0,,150,,3.676450729370117,
2260,GGAGGCUGCGGAACGCAGUGAAACUGACCACGUGGCAACGCGGGGGCCCC,,-21.4874267578125,,3.687427520751953,,0,,0,,0.07699999999999996,,0.33299999999999996,,0.529,,0,,150,,3.687427520751953,
2270,GGAGGCUGCGGAACGCAGUGAAACUGACCACUGGGCAACCAGGGGGCCCC,,-22.676450729370117,,3.676450729370117,,0,,0,,0.07699999999999996,,0.33299999999999996,,0.529,,0,,150,,3.676450729370117,
2280,GGAGGCUGCGGAACGCAGUGAAACUGACCACGUGGCAACGCGGGGGCCCC,,-21.4874267578125,,3.687427520751953,,0,,0,,0.07699999999999996,,0.33299999999999996,,0.529,,0,,150,,3.687427520751953,
2290,GGAGGCUGCGGAACGCAGUGAAACUGACCACUGGGCAACCAGGGGGCCCC,,-22.676450729370117,,3.676450729370117,,0,,0,,0.07699999999999996,,0.33299999999999996,,0.529,,0,,150,,3.676450729370117,
2300,GGAGGCUGCGGAACGCAGUGAAACUGACCACGUGGCAACGCGGGGGCCCC,,-21.4874267578125,,3.687427520751953,,0,,0,,0.07699999999999996,,0.33299999999999996,,0.529,,0,,150,,3.687427520751953,
2310,GGAGGCUGCGGAACGCAGUGAAACUGACCACUGGGCAACCAGGGGGCCCC,,-22.676450729370117,,3.676450729370117,,0,,0,,0.07699999999999996,,0.33299999999999996,,0.529,,0,,150,,3.676450729370117,
2320,GGAGGCUGCGGAACGCAGUGAAACUGACCACGUGGCAACGCGGGGGCCCC,,-21.4874267578125,,3.687427520751953,,0,,0,,0.07699999999999996,,0.33299999999999996,,0.529,,0,,150,,3.687427520751953,
2330,GGAGGCUGCGGAACGCAGUGAAACUGACCACUGGGCAACCAGGGGGCCCC,,-22.676450729370117,,3.676450729370117,,0,,0,,0.07699999999999996,,0.33299999999999996,,0.529,,0,,150,,3.676450729370117,
2340,GGAGGCUGCGGAACGCAGUGAAACUGACCACGUGGCAACGCGGGGGCCCC,,-21.4874267578125,,3.687427520751953,,0,,0,,0.07699999999999996,,0.33299999999999996,,0.529,,0,,150,,3.687427520751953,
2350,GGAGGCUGCGGAACGCAGUGAAACUGACCACUGGGCAACCAGGGGGCCCC,,-22.676450729370117,,3.676450729370117,,0,,0,,0.07699999999999996,,0.33299999999999996,,0.529,,0,,150,,3.676450729370117,
2360,GGAGGCUGCGGAACGCAGUGAAACUGACCACGUGGCAACGCGGGGGCCCC,,-21.4874267578125,,3.687427520751953,,0,,0,,0.07699999999999996,,0.33299999999999996,,0.529,,0,,150,,3.687427520751953,
2370,GGAGGCUGCGGAACGCAGUGAAACUGACCACUGGGCAACCAGGGGGCCCC,,-22.676450729370117,,3.676450729370117,,0,,0,,0.07699999999999996,,0.33299999999999996,,0.529,,0,,150,,3.676450729370117,
2380,GGAGGCUGCGGAACGCAGUGAAACUGACCACGUGGCAACGCGGGGGCCCC,,-21.4874267578125,,3.687427520751953,,0,,0,,0.07699999999999996,,0.33299999999999996,,0.529,,0,,150,,3.687427520751953,
2390,GGAGGCUGCGGAACGCAGUGAAACUGACCACUGGGCAACCAGGGGGCCCC,,-22.676450729370117,,3.676450729370117,,0,,0,,0.07699999999999996,,0.33299999999999996,,0.529,,0,,150,,3.676450729370117,
2400,GGAGGCUGCGGAACGCAGUGAAACUGACCACGUGGCAACGCGGGGGCCCC,,-21.4874267578125,,3.687427520751953,,0,,0,,0.07699999999999996,,0.33299999999999996,,0.529,,0,,150,,3.687427520751953,
2410,GGAGGCUGCGGAACGCAGUGAAACUGACCACUGGGCAACCAGGGGGCCCC,,-22.676450729370117,,3.676450729370117,,0,,0,,0.07699999999999996,,0.33299999999999996,,0.529,,0,,150,,3.676450729370117,
2420,GGAGGCUGCGGAACGCAGUGAAACUGACCACGUGGCAACGCGGGGGCCCC,,-21.4874267578125,,3.687427520751953,,0,,0,,0.07699999999999996,,0.33299999999999996,,0.529,,0,,150,,3.687427520751953,
2430,GGAGGCUGCGGAACGCAGUGAAACUGACCACUGGGCAACCAGGGGGCCCC,,-22.676450729370117,,3.676450729370117,,0,,0,,0.07699999999999996,,0.33299999999999996,,0.529,,0,,150,,3.676450729370117,
2440,GGAGGCUGCGGAACGCAGUGAAACUGACCACGUGGCAACGCGGGGGCCCC,,-21.4874267578125,,3.687427520751953,,0,,0,,0.07699999999999996,,0.33299999999999996,,0.529,,0,,150,,3.687427520751953,
2450,GGAGGCUGCGGAACGCAGUGAAACUGACCACUGGGCAACCAGGGGGCCCC,,-22.676450729370117,,3.676450729370117,,0,,0,,0.07699999999999996,,0.33299999999999996,,0.529,,0,,150,,3.676450729370117,
2460,GGAGGCUGCGGAACGCAGUGAAACUGACCACGUGGCAACGCGGGGGCCCC,,-21.4874267578125,,3.687427520751953,,0,,0,,0.07699999999999996,,0.33299999999999996,,0.529,,0,,150,,3.687427520751953,
2470,GGAGGCUGCGGAACGCAGUGAAACUGACCACUGGGCAACCAGGGGGCCCC,,-22.676450729370117,,3.676450729370117,,0,,0,,0.07699999999999996,,0.33299999999999996,,0.529,,0,,150,,3.676450729370117,
2480,GGAGGCUGCGGAACGCAGUGAAACUGACCACGUGGCAACGCGGGGGCCCC,,-21.4874267578125,,3.687427520751953,,0,,0,,0.07699999999999996,,0.33299999999999996,,0.529,,0,,150,,3.687427520751953,
2490,GGAGGCUGCGGAACGCAGUGAAACUGACCACUGGGCAACCAGGGGGCCCC,,-22.676450729370117,,3.676450729370117,,0,,0,,0.07699999999999996,,0.33299999999999996,,0.529,,0,,150,,3.676450729370117,
2500,GGAGGCUGCGGAACGCAGUGAAACUGACCACGUGGCAACGCGGGGGCCCC,,-21.4874267578125,,3.687427520751953,,0,,0,,0.07699999999999996,,0.33299999999999996,,0.529,,0,,150,,3.687427520751953,
2510,GGAGGCUGCGGAACGCAGUGAAACUGACCACUGGGCAACCAGGGGGCCCC,,-22.676450729370117,,3.676450729370117,,0,,0,,0.07699999999999996,,0.33299999999999996,,0.529,,0,,150,,3.676450729370117,
2520,GGAGGCUGCGGAACGCAGUGAAACUGACCACGUGGCAACGCGGGGGCCCC,,-21.4874267578125,,3.687427520751953,,0,,0,,0.07699999999999996,,0.33299999999999996,,0.529,,0,,150,,3.687427520751953,
2530,GGAGGCUGCGGAACGCAGUGAAACUGACCACUGGGCAACCAGGGGGCCCC,,-22.676450729370117,,3.676450729370117,,0,,0,,0.07699999999999996,,0.33299999999999996,,0.529,,0,,150,,3.676450729370117,
2540,GGAGGCUGCGGAACGCAGUGAAACUGACCACGUGGCAACGCGGGGGCCCC,,-21.4874267578125,,3.687427520751953,,0,,0,,0.07699999999999996,,0.33299999999999996,,0.529,,0,,150,,3.687427520751953,
2550,GGAGGCUGCGGAACGCAGUGAAACUGACCACUGGGCAACCAGGGGGCCCC,,-22.676450729370117,,3.676450729370117,,0,,0,,0.07699999999999996,,0.33299999999999996,,0.529,,0,,150,,3.676450729370117,
2560,GGAGGCUGCGGAACGCAGUGAAACUGACCACGUGGCAACGCGGGGGCCCC,,-21.4874267578125,,3.687427520751953,,0,,0,,0.07699999999999996,,0.33299999999999996,,0.529,,0,,150,,3.687427520751953,
2570,GGAGGCUGCGGAACGCAGUGAAACUGACCACUGGGCAACCAGGGGGCCCC,,-22.676450729370117,,3.676450729370117,,0,,0,,0.07699999999999996,,0.33299999999999996,,0.529,,0,,150,,3.676450729370117,
2580,GGAGGCUGCGGAACGCAGUGAAACUGACCACGUGGCAACGCGGGGGCCCC,,-21.4874267578125,,3.687427520751953,,0,,0,,0.07699999999999996,,0.33299999999999996,,0.529,,0,,150,,3.687427520751953,
2590,GGAGGCUGCGGAACGCAGUGAAACUGACCACUGGGCAACCAGGGGGCCCC,,-22.676450729370117,,3.676450729370117,,0,,0,,0.07699999999999996,,0.33299999999999996,,0.529,,0,,150,,3.676450729370117,
2600,GGAGGCUGCGGAACGCAGUGAAACUGACCACGUGGCAACGCGGGGGCCCC,,-21.4874267578125,,3.687427520751953,,0,,0,,0.07699999999999996,,0.33299999999999996,,0.529,,0,,150,,3.687427520751953,
2610,GGAGGCUGCGGAACGCAGUGAAACUGACCACUGGGCAACCAGGGGGCCCC,,-22.676450729370117,,3.676450729370117,,0,,0,,0.07699999999999996,,0.33299999999999996,,0.529,,0,,150,,3.676450729370117,
2620,GGAGGCUGCGGAACGCAGUGAAACUGACCACGUGGCAACGCGGGGGCCCC,,-21.4874267578125,,3.687427520751953,,0,,0,,0.07699999999999996,,0.33299999999999996,,0.529,,0,,150,,3.687427520751953,
2630,GGAGGCUGCGGAACGCAGUGAAACUGACCACUGGGCAACCAGGGGGCCCC,,-22.676450729370117,,3.676450729370117,,0,,0,,0.07699999999999996,,0.33299999999999996,,0.529,,0,,150,,3.676450729370117,
2640,GGAGGCUGCGGAACGCAGUGAAACUGACCACGUGGCAACGCGGGGGCCCC,,-21.4874267578125,,3.687427520751953,,0,,0,,0.07699999999999996,,0.33299999999999996,,0.529,,0,,150,,3.687427520751953,
2650,GGAGGCUGCGGAACGCAGUGAAACUGACCACUGGGCAACCAGGGGGCCCC,,-22.676450729370117,,3.676450729370117,,0,,0,,0.07699999999999996,,0.33299999999999996,,0.529,,0,,150,,3.676450729370117,
2660,GGAGGCUGCGGAACGCAGUGAAACUGACCACGUGGCAACGCGGGGGCCCC,,-21.4874267578125,,3.687427520751953,,0,,0,,0.07699999999999996,,0.33299999999999996,,0.529,,0,,150,,3.687427520751953,
2670,GGAGGCUGCGGAACGCAGUGAAACUGACCACUGGGCAACCAGGGGGCCCC,,-22.676450729370117,,3.676450729370117,,0,,0,,0.07699999999999996,,0.33299999999999996,,0.529,,0,,150,,3.676450729370117,
2680,GGAGGCUGCGGAACGCAGUGAAACUGACCACGUGGCAACGCGGGGGCCCC,,-21.4874267578125,,3.687427520751953,,0,,0,,0.07699999999999996,,0.33299999999999996,,0.529,,0,,150,,3.687427520751953,
2690,GGAGGCUGCGGAACGCAGUGAAACUGACCACUGGGCAACCAGGGGGCCCC,,-22.676450729370117,,3.676450729370117,,0,,0,,0.07699999999999996,,0.33299999999999996,,0.529,,0,,150,,3.676450729370117,
2700,GGAGGCUGCGGAACGCAGUGAAACUGACCACGUGGCAACGCGGGGGCCCC,,-21.4874267578125,,3.687427520751953,,0,,0,,0.07699999999999996,,0.33299999999999996,,0.529,,0,,150,,3.687427520751953,
2710,GGAGGCUGCGGAACGCAGUGAAACUGACCACUGGGCAACCAGGGGGCCCC,,-22.676450729370117,,3.676450729370117,,0,,0,,0.07699999999999996,,0.33299999999999996,,0.529,,0,,150,,3.676450729370117,
2720,GGAGGCUGCGGAACGCAGUGAAACUGACCACGUGGCAACGCGGGGGCCCC,,-21.4874267578125,,3.687427520751953,,0,,0,,0.07699999999999996,,0.33299999999999996,,0.529,,0,,150,,3.687427520751953,
2730,GGAGGCUGCGGAACGCAGUGAAACUGACCACUGGGCAACCAGGGGGCCCC,,-22.676450729370117,,3.676450729370117,,0,,0,,0.07699999999999996,,0.33299999999999996,,0.529,,0,,150,,3.676450729370117,
2740,GGAGGCUGCGGAACGCAGUGAAACUGACCACGUGGCAACGCGGGGGCCCC,,-21.4874267578125,,3.687427520751953,,0,,0,,0.07699999999999996,,0.33299999999999996,,0.529,,0,,150,,3.687427520751953,
2750,GGAGGCUGCGGAACGCAGUGAAACUGACCACUGGGCAACCAGGGGGCCCC,,-22.676450729370117,,3.676450729370117,,0,,0,,0.07699999999999996,,0.33299999999999996,,0.529,,0,,150,,3.676450729370117,
2760,GGAGGCUGCGGAACGCAGUGAAACUGACCACGUGGCAACGCGGGGGCCCC,,-21.4874267578125,,3.687427520751953,,0,,0,,0.07699999999999996,,0.33299999999999996,,0.529,,0,,150,,3.687427520751953,
2770,GGAGGCUGCGGAACGCAGUGAAACUGACCACUGGGCAACCAGGGGGCCCC,,-22.676450729370117,,3.676450729370117,,0,,0,,0.07699999999999996,,0.33299999999999996,,0.529,,0,,150,,3.676450729370117,
2780,GGAGGCUGCGGAACGCAGUGAAACUGACCACGUGGCAACGCGGGGGCCCC,,-21.4874267578125,,3.687427520751953,,0,,0,,0.07699999999999996,,0.33299999999999996,,0.529,,0,,150,,3.687427520751953,
2790,GGAGGCUGCGGAACGCAGUGAAACUGACCACUGGGCAACCAGGGGGCCCC,,-22.676450729370117,,3.676450729370117,,0,,0,,0.07699999999999996,,0.33299999999999996,,0.529,,0,,150,,3.676450729370117,
2800,GGAGGCUGCGGAACGCAGUGAAACUGACCACGUGGCAACGCGGGGGCCCC,,-21.4874267578125,,3.687427520751953,,0,,0,,0.07699999999999996,,0.33299999999999996,,0.529,,0,,150,,3.687427520751953,
2810,GGAGGCUGCGGAACGCAGUGAAACUGACCACUGGGCAACCAGGGGGCCCC,,-22.676450729370117,,3.676450729370117,,0,,0,,0.07699999999999996,,0.33299999999999996,,0.529,,0,,150,,3.676450729370117,
2820,GGAGGCUGCGGAACGCAGUGAAACUGACCACGUGGCAACGCGGGGGCCCC,,-21.4874267578125,,3.687427520751953,,0,,0,,0.07699999999999996,,0.33299999999999996,,0.529,,0,,150,,3.687427520751953,
2830,GGAGGCUGCGGAACGCAGUGAAACUGACCACUGGGCAACCAGGGGGCCCC,,-22.676450729370117,,3.676450729370117,,0,,0,,0.07699999999999996,,0.33299999999999996,,0.529,,0,,150,,3.676450729370117,
2840,GGAGGCUGCGGAACGCAGUGAAACUGACCACGUGGCAACGCGGGGGCCCC,,-21.4874267578125,,3.687427520751953,,0,,0,,0.07699999999999996,,0.33299999999999996,,0.529,,0,,150,,3.687427520751953,
2850,GGAGGCUGCGGAACGCAGUGAAACUGACCACUGGGCAACCAGGGGGCCCC,,-22.676450729370117,,3.676450729370117,,0,,0,,0.07699999999999996,,0.33299999999999996,,0.529,,0,,150,,3.676450729370117,
2860,GGAGGCUGCGGAACGCAGUGAAACUGACCACGUGGCAACGCGGGGGCCCC,,-21.4874267578125,,3.687427520751953,,0,,0,,0.07699999999999996,,0.33299999999999996,,0.529,,0,,150,,3.687427520751953,
2870,GGAGGCUGCGGAACGCAGUGAAACUGACCACUGGGCAACCAGGGGGCCCC,,-22.676450729370117,,3.676450729370117,,0,,0,,0.07699999999999996,,0.33299999999999996,,0.529,,0,,150,,3.676450729370117,
2880,GGAGGCUGCGGAACGCAGUGAAACUGACCACGUGGCAACGCGGGGGCCCC,,-21.4874267578125,,3.687427520751953,,0,,0,,0.07699999999999996,,0.33299999999999996,,0.529,,0,,150,,3.687427520751953,
2890,GGAGGCUGCGGAACGCAGUGAAACUGACCACUGGGCAACCAGGGGGCCCC,,-22.676450729370117,,3.676450729370117,,0,,0,,0.07699999999999996,,0.33299999999999996,,0.529,,0,,150,,3.676450729370117,
2900,GGAGGCUGCGGAACGCAGUGAAACUGACCACGUGGCAACGCGGGGGCCCC,,-21.4874267578125,,3.687427520751953,,0,,0,,0.07699999999999996,,0.33299999999999996,,0.529,,0,,150,,3.687427520751953,
2910,GGAGGCUGCGGAACGCAGUGAAACUGACCACUGGGCAACCAGGGGGCCCC,,-22.676450729370117,,3.676450729370117,,0,,0,,0.07699999999999996,,0.33299999999999996,,0.529,,0,,150,,3.676450729370117,
2920,GGAGGCUGCGGAACGCAGUGAAACUGACCACGUGGCAACGCGGGGGCCCC,,-21.4874267578125,,3.687427520751953,,0,,0,,0.07699999999999996,,0.33299999999999996,,0.529,,0,,150,,3.687427520751953,
2930,GGAGGCUGCGGAACGCAGUGAAACUGACCACUGGGCAACCAGGGGGCCCC,,-22.676450729370117,,3.676450729370117,,0,,0,,0.07699999999999996,,0.33299999999999996,,0.529,,0,,150,,3.676450729370117,
2940,GGAGGCUGCGGAACGCAGUGAAACUGACCACGUGGCAACGCGGGGGCCCC,,-21.4874267578125,,3.687427520751953,,0,,0,,0.07699999999999996,,0.33299999999999996,,0.529,,0,,150,,3.687427520751953,
2950,GGAGGCUGCGGAACGCAGUGAAACUGACCACUGGGCAACCAGGGGGCCCC,,-22.676450729370117,,3.676450729370117,,0,,0,,0.07699999999999996,,0.33299999999999996,,0.529,,0,,150,,3.676450729370117,
2960,GGAGGCUGCGGAACGCAGUGAAACUGACCACGUGGCAACGCGGGGGCCCC,,-21.4874267578125,,3.687427520751953,,0,,0,,0.07699999999999996,,0.33299999999999996,,0.529,,0,,150,,3.687427520751953,
2970,GGAGGCUGCGGAACGCAGUGAAACUGACCACUGGGCAACCAGGGGGCCCC,,-22.676450729370117,,3.676450729370117,,0,,0,,0.07699999999999996,,0.33299999999999996,,0.529,,0,,150,,3.676450729370117,
2980,GGAGGCUGCGGAACGCAGUGAAACUGACCACGUGGCAACGCGGGGGCCCC,,-21.4874267578125,,3.687427520751953,,0,,0,,0.07699999999999996,,0.33299999999999996,,0.529,,0,,150,,3.687427520751953,
2990,GGAGGCUGCGGAACGCAGUGAAACUGACCACUGGGCAACCAGGGGGCCCC,,-22.676450729370117,,3.676450729370117,,0,,0,,0.07699999999999996,,0.33299999999999996,,0.529,,0,,150,,3.676450729370117,
3000,GGAGGCUGCGGAACGCAGUGAAACUGACCACGUGGCAACGCGGGGGCCCC,,-21.4874267578125,,3.687427520751953,,0,,0,,0.07699999999999996,,0.33299999999999996,,0.529,,0,,150,,3.687427520751953,
3010,GGAGGCUGCGGAACGCAGUGAAACUGACCACUGGGCAACCAGGGGGCCCC,,-22.676450729370117,,3.676450729370117,,0,,0,,0.07699999999999996,,0.33299999999999996,,0.529,,0,,150,,3.676450729370117,
3020,GGAGGCUGCGGAACGCAGUGAAACUGACCACGUGGCAACGCGGGGGCCCC,,-21.4874267578125,,3.687427520751953,,0,,0,,0.07699999999999996,,0.33299999999999996,,0.529,,0,,150,,3.687427520751953,
3030,GGAGGCUGCGGAACGCAGUGAAACUGACCACUGGGCAACCAGGGGGCCCC,,-22.676450729370117,,3.676450729370117,,0,,0,,0.07699999999999996,,0.33299999999999996,,0.529,,0,,150,,3.676450729370117,
3040,GGAGGCUGCGGAACGCAGUGAAACUGACCACGUGGCAACGCGGGGGCCCC,,-21.4874267578125,,3.687427520751953,,0,,0,,0.07699999999999996,,0.33299999999999996,,0.529,,0,,150,,3.687427520751953,
3050,GGAGGCUGCGGAACGCAGUGAAACUGACCACUGGGCAACCAGGGGGCCCC,,-22.676450729370117,,3.676450729370117,,0,,0,,0.07699999999999996,,0.33299999999999996,,0.529,,0,,150,,3.676450729370117,
3060,GGAGGCUGCGGAACGCAGUGAAACUGACCACGUGGCAACGCGGGGGCCCC,,-21.4874267578125,,3.687427520751953,,0,,0,,0.07699999999999996,,0.33299999999999996,,0.529,,0,,150,,3.687427520751953,
3070,GGAGGCUGCGGAACGCAGUGAAACUGACCACUGGGCAACCAGGGGGCCCC,,-22.676450729370117,,3.676450729370117,,0,,0,,0.07699999999999996,,0.33299999999999996,,0.529,,0,,150,,3.676450729370117,
3080,GGAGGCUGCGGAACGCAGUGAAACUGACCACGUGGCAACGCGGGGGCCCC,,-21.4874267578125,,3.687427520751953,,0,,0,,0.07699999999999996,,0.33299999999999996,,0.529,,0,,150,,3.687427520751953,
3090,GGAGGCUGCGGAACGCAGUGAAACUGACCACUGGGCAACCAGGGGGCCCC,,-22.676450729370117,,3.676450729370117,,0,,0,,0.07699999999999996,,0.33299999999999996,,0.529,,0,,150,,3.676450729370117,
3100,GGAGGCUGCGGAACGCAGUGAAACUGACCACGUGGCAACGCGGGGGCCCC,,-21.4874267578125,,3.687427520751953,,0,,0,,0.07699999999999996,,0.33299999999999996,,0.529,,0,,150,,3.687427520751953,
