sequence,scoring_function,replica_num,temp_shelf,sim_step,edesired_minus_Epf,Epf,edesired,mcc,mcc_alt,mfe_ss,subopt_e,esubopt_minus_Epf,sln_Epf,MFE,edesired_minus_MFE,recall,precision,edesired2,edesired2_minus_Epf
GCAGGCGGCGGAACGCCGCGAAGCGGACCAGGGGGAAACCCCGGCGCCGC,8.42459487915039,1,150,0,8.42459487915039,-31.124595642089844,-22.700000762939453,0.604,0,....((((((...))))))...((((.((.((((....))))))..)))),0,0,0,0,0,0.5,0.05300000000000005,0,0
GGAGGCGGCGGAACGCAGUGAAACUGACCACGGGGAAACCCGGGCGCCCC,4.514163970947266,1,150,10,4.514163970947266,-25.814163208007812,-21.299999237060547,0.529,0,((.((((.(((....(((.....))).)).((((....))))).)))))),0,0,0,0,0,0.33299999999999996,0.07699999999999996,0,0
GGAGGCUGCGGAACGCAGUGAAACUGACCACGUGGCAACGCGGGGGCCCC,3.687427520751953,1,150,20,3.687427520751953,-21.4874267578125,-17.799999237060547,0.529,0,((.((((.(((....(((.....))).)).((((....))))).)))))),0,0,0,0,0,0.33299999999999996,0.07699999999999996,0,0
GGAGGCUGCGGAACGCAGUGAAACUGACCACUGGGCAACCAGGGGGCCCC,3.676450729370117,1,150,30,3.676450729370117,-22.676450729370117,-19.0,0.529,0,((.((((.(((....(((.....))).)).((((....))))).)))))),0,0,0,0,0,0.33299999999999996,0.07699999999999996,0,0
GGAGGCUGCGGAACGCAGUGAAACUGACCACGUGGCAACGCGGGGGCCCC,3.687427520751953,1,150,40,3.687427520751953,-21.4874267578125,-17.799999237060547,0.529,0,((.((((.(((....(((.....))).)).((((....))))).)))))),0,0,0,0,0,0.33299999999999996,0.07699999999999996,0,0
GGAGGCUGCGGAACGCAGUGAAACUGACCACUGGGCAACCAGGGGGCCCC,3.676450729370117,1,150,50,3.676450729370117,-22.676450729370117,-19.0,0.529,0,((.((((.(((....(((.....))).)).((((....))))).)))))),0,0,0,0,0,0.33299999999999996,0.07699999999999996,0,0
GGAGGCUGCGGAACGCAGUGAAACUGACCACGUGGCAACGCGGGGGCCCC,3.687427520751953,1,150,60,3.687427520751953,-21.4874267578125,-17.799999237060547,0.529,0,((.((((.(((....(((.....))).)).((((....))))).)))))),0,0,0,0,0,0.33299999999999996,0.07699999999999996,0,0
GGAGGCUGCGGAACGCAGUGAAACUGACCACUGGGCAACCAGGGGGCCCC,3.676450729370117,1,150,70,3.676450729370117,-22.676450729370117,-19.0,0.529,0,((.((((.(((....(((.....))).)).((((....))))).)))))),0,0,0,0,0,0.33299999999999996,0.07699999999999996,0,0
GGAGGCUGCGGAACGCAGUGAAACUGACCACGUGGCAACGCGGGGGCCCC,3.687427520751953,1,150,80,3.687427520751953,-21.4874267578125,-17.799999237060547,0.529,0,((.((((.(((....(((.....))).)).((((....))))).)))))),0,0,0,0,0,0.33299999999999996,0.07699999999999996,0,0
GGAGGCUGCGGAACGCAGUGAAACUGACCACUGGGCAACCAGGGGGCCCC,3.676450729370117,1,150,90,3.676450729370117,-22.676450729370117,-19.0,0.529,0,((.((((.(((....(((.....))).)).((((....))))).)))))),0,0,0,0,0,0.33299999999999996,0.07699999999999996,0,0
GGAGGCUGCGGAACGCAGUGAAACUGACCACGUGGCAACGCGGGGGCCCC,3.687427520751953,1,150,100,3.687427520751953,-21.4874267578125,-17.799999237060547,0.529,0,((.((((.(((....(((.....))).)).((((....))))).)))))),0,0,0,0,0,0.33299999999999996,0.07699999999999996,0,0
GGAGGCUGCGGAACGCAGUGAAACUGACCACUGGGCAACCAGGGGGCCCC,3.676450729370117,1,150,110,3.676450729370117,-22.676450729370117,-19.0,0.529,0,((.((((.(((....(((.....))).)).((((....))))).)))))),0,0,0,0,0,0.33299999999999996,0.07699999999999996,0,0
GGAGGCUGCGGAACGCAGUGAAACUGACCACGUGGCAACGCGGGGGCCCC,3.687427520751953,1,150,120,3.687427520751953,-21.4874267578125,-17.799999237060547,0.529,0,((.((((.(((....(((.....))).)).((((....))))).)))))),0,0,0,0,0,0.33299999999999996,0.07699999999999996,0,0
GGAGGCUGCGGAACGCAGUGAAACUGACCACUGGGCAACCAGGGGGCCCC,3.676450729370117,1,150,130,3.676450729370117,-22.676450729370117,-19.0,0.529,0,((.((((.(((....(((.....))).)).((((....))))).)))))),0,0,0,0,0,0.33299999999999996,0.07699999999999996,0,0
GGAGGCUGCGGAACGCAGUGAAACUGACCACGUGGCAACGCGGGGGCCCC,3.687427520751953,1,150,140,3.687427520751953,-21.4874267578125,-17.799999237060547,0.529,0,((.((((.(((....(((.....))).)).((((....))))).)))))),0,0,0,0,0,0.33299999999999996,0.07699999999999996,0,0
GGAGGCUGCGGAACGCAGUGAAACUGACCACUGGGCAACCAGGGGGCCCC,3.676450729370117,1,150,150,3.676450729370117,-22.676450729370117,-19.0,0.529,0,((.((((.(((....(((.....))).)).((((....))))).)))))),0,0,0,0,0,0.33299999999999996,0.07699999999999996,0,0
GGAGGCUGCGGAACGCAGUGAAACUGACCACGUGGCAACGCGGGGGCCCC,3.687427520751953,1,150,160,3.687427520751953,-21.4874267578125,-17.799999237060547,0.529,0,((.((((.(((....(((.....))).)).((((....))))).)))))),0,0,0,0,0,0.33299999999999996,0.07699999999999996,0,0
GGAGGCUGCGGAACGCAGUGAAACUGACCACUGGGCAACCAGGGGGCCCC,3.676450729370117,1,150,170,3.676450729370117,-22.676450729370117,-19.0,0.529,0,((.((((.(((....(((.....))).)).((((....))))).)))))),0,0,0,0,0,0.33299999999999996,0.07699999999999996,0,0
GGAGGCUGCGGAACGCAGUGAAACUGACCACGUGGCAACGCGGGGGCCCC,3.687427520751953,1,150,180,3.687427520751953,-21.4874267578125,-17.799999237060547,0.529,0,((.((((.(((....(((.....))).)).((((....))))).)))))),0,0,0,0,0,0.33299999999999996,0.07699999999999996,0,0
GGAGGCUGCGGAACGCAGUGAAACUGACCACUGGGCAACCAGGGGGCCCC,3.676450729370117,1,150,190,3.676450729370117,-22.676450729370117,-19.0,0.529,0,((.((((.(((....(((.....))).)).((((....))))).)))))),0,0,0,0,0,0.33299999999999996,0.07699999999999996,0,0
GGAGGCUGCGGAACGCAGUGAAACUGACCACGUGGCAACGCGGGGGCCCC,3.687427520751953,1,150,200,3.687427520751953,-21.4874267578125,-17.799999237060547,0.529,0,((.((((.(((....(((.....))).)).((((....))))).)))))),0,0,0,0,0,0.33299999999999996,0.07699999999999996,0,0
GGAGGCUGCGGAACGCAGUGAAACUGACCACUGGGCAACCAGGGGGCCCC,3.676450729370117,1,150,210,3.676450729370117,-22.676450729370117,-19.0,0.529,0,((.((((.(((....(((.....))).)).((((....))))).)))))),0,0,0,0,0,0.33299999999999996,0.07699999999999996,0,0
GGAGGCUGCGGAACGCAGUGAAACUGACCACGUGGCAACGCGGGGGCCCC,3.687427520751953,1,150,220,3.687427520751953,-21.4874267578125,-17.799999237060547,0.529,0,((.((((.(((....(((.....))).)).((((....))))).)))))),0,0,0,0,0,0.33299999999999996,0.07699999999999996,0,0
GGAGGCUGCGGAACGCAGUGAAACUGACCACUGGGCAACCAGGGGGCCCC,3.676450729370117,1,150,230,3.676450729370117,-22.676450729370117,-19.0,0.529,0,((.((((.(((....(((.....))).)).((((....))))).)))))),0,0,0,0,0,0.33299999999999996,0.07699999999999996,0,0
GGAGGCUGCGGAACGCAGUGAAACUGACCACGUGGCAACGCGGGGGCCCC,3.687427520751953,1,150,240,3.687427520751953,-21.4874267578125,-17.799999237060547,0.529,0,((.((((.(((....(((.....))).)).((((....))))).)))))),0,0,0,0,0,0.33299999999999996,0.07699999999999996,0,0
GGAGGCUGCGGAACGCAGUGAAACUGACCACUGGGCAACCAGGGGGCCCC,3.676450729370117,1,150,250,3.676450729370117,-22.676450729370117,-19.0,0.529,0,((.((((.(((....(((.....))).)).((((....))))).)))))),0,0,0,0,0,0.33299999999999996,0.07699999999999996,0,0
GGAGGCUGCGGAACGCAGUGAAACUGACCACGUGGCAACGCGGGGGCCCC,3.687427520751953,1,150,260,3.687427520751953,-21.4874267578125,-17.799999237060547,0.529,0,((.((((.(((....(((.....))).)).((((....))))).)))))),0,0,0,0,0,0.33299999999999996,0.07699999999999996,0,0
GGAGGCUGCGGAACGCAGUGAAACUGACCACUGGGCAACCAGGGGGCCCC,3.676450729370117,1,150,270,3.676450729370117,-22.676450729370117,-19.0,0.529,0,((.((((.(((....(((.....))).)).((((....))))).)))))),0,0,0,0,0,0.33299999999999996,0.07699999999999996,0,0
GGAGGCUGCGGAACGCAGUGAAACUGACCACGUGGCAACGCGGGGGCCCC,3.687427520751953,1,150,280,3.687427520751953,-21.4874267578125,-17.799999237060547,0.529,0,((.((((.(((....(((.....))).)).((((....))))).)))))),0,0,0,0,0,0.33299999999999996,0.07699999999999996,0,0
GGAGGCUGCGGAACGCAGUGAAACUGACCACUGGGCAACCAGGGGGCCCC,3.676450729370117,1,150,290,3.676450729370117,-22.676450729370117,-19.0,0.529,0,((.((((.(((....(((.....))).)).((((....))))).)))))),0,0,0,0,0,0.33299999999999996,0.07699999999999996,0,0
GGAGGCUGCGGAACGCAGUGAAACUGACCACGUGGCAACGCGGGGGCCCC,3.687427520751953,1,150,300,3.687427520751953,-21.4874267578125,-17.799999237060547,0.529,0,((.((((.(((....(((.....))).)).((((....))))).)))))),0,0,0,0,0,0.33299999999999996,0.07699999999999996,0,0
GGAGGCUGCGGAACGCAGUGAAACUGACCACUGGGCAACCAGGGGGCCCC,3.676450729370117,1,150,310,3.676450729370117,-22.676450729370117,-19.0,0.529,0,((.((((.(((....(((.....))).)).((((....))))).)))))),0,0,0,0,0,0.33299999999999996,0.07699999999999996,0,0
GGAGGCUGCGGAACGCAGUGAAACUGACCACGUGGCAACGCGGGGGCCCC,3.687427520751953,1,150,320,3.687427520751953,-21.4874267578125,-17.799999237060547,0.529,0,((.((((.(((....(((.....))).)).((((....))))).)))))),0,0,0,0,0,0.33299999999999996,0.07699999999999996,0,0
GGAGGCUGCGGAACGCAGUGAAACUGACCACUGGGCAACCAGGGGGCCCC,3.676450729370117,1,150,330,3.676450729370117,-22.676450729370117,-19.0,0.529,0,((.((((.(((....(((.....))).)).((((....))))).)))))),0,0,0,0,0,0.33299999999999996,0.07699999999999996,0,0
GGAGGCUGCGGAACGCAGUGAAACUGACCACGUGGCAACGCGGGGGCCCC,3.687427520751953,1,150,340,3.687427520751953,-21.4874267578125,-17.799999237060547,0.529,0,((.((((.(((....(((.....))).)).((((....))))).)))))),0,0,0,0,0,0.33299999999999996,0.07699999999999996,0,0
GGAGGCUGCGGAACGCAGUGAAACUGACCACUGGGCAACCAGGGGGCCCC,3.676450729370117,1,150,350,3.676450729370117,-22.676450729370117,-19.0,0.529,0,((.((((.(((....(((.....))).)).((((....))))).)))))),0,0,0,0,0,0.33299999999999996,0.07699999999999996,0,0
GGAGGCUGCGGAACGCAGUGAAACUGACCACGUGGCAACGCGGGGGCCCC,3.687427520751953,1,150,360,3.687427520751953,-21.4874267578125,-17.799999237060547,0.529,0,((.((((.(((....(((.....))).)).((((....))))).)))))),0,0,0,0,0,0.33299999999999996,0.07699999999999996,0,0
GGAGGCUGCGGAACGCAGUGAAACUGACCACUGGGCAACCAGGGGGCCCC,3.676450729370117,1,150,370,3.676450729370117,-22.676450729370117,-19.0,0.529,0,((.((((.(((....(((.....))).)).((((....))))).)))))),0,0,0,0,0,0.33299999999999996,0.07699999999999996,0,0
GGAGGCUGCGGAACGCAGUGAAACUGACCACGUGGCAACGCGGGGGCCCC,3.687427520751953,1,150,380,3.687427520751953,-21.4874267578125,-17.799999237060547,0.529,0,((.((((.(((....(((.....))).)).((((....))))).)))))),0,0,0,0,0,0.33299999999999996,0.07699999999999996,0,0
GGAGGCUGCGGAACGCAGUGAAACUGACCACUGGGCAACCAGGGGGCCCC,3.676450729370117,1,150,390,3.676450729370117,-22.676450729370117,-19.0,0.529,0,((.((((.(((....(((.....))).)).((((....))))).)))))),0,0,0,0,0,0.33299999999999996,0.07699999999999996,0,0
GGAGGCUGCGGAACGCAGUGAAACUGACCACGUGGCAACGCGGGGGCCCC,3.687427520751953,1,150,400,3.687427520751953,-21.4874267578125,-17.799999237060547,0.529,0,((.((((.(((....(((.....))).)).((((....))))).)))))),0,0,0,0,0,0.33299999999999996,0.07699999999999996,0,0
GGAGGCUGCGGAACGCAGUGAAACUGACCACUGGGCAACCAGGGGGCCCC,3.676450729370117,1,150,410,3.676450729370117,-22.676450729370117,-19.0,0.529,0,((.((((.(((....(((.....))).)).((((....))))).)))))),0,0,0,0,0,0.33299999999999996,0.07699999999999996,0,0
GGAGGCUGCGGAACGCAGUGAAACUGACCACGUGGCAACGCGGGGGCCCC,3.687427520751953,1,150,420,3.687427520751953,-21.4874267578125,-17.799999237060547,0.529,0,((.((((.(((....(((.....))).)).((((....))))).)))))),0,0,0,0,0,0.33299999999999996,0.07699999999999996,0,0
GGAGGCUGCGGAACGCAGUGAAACUGACCACUGGGCAACCAGGGGGCCCC,3.676450729370117,1,150,430,3.676450729370117,-22.676450729370117,-19.0,0.529,0,((.((((.(((....(((.....))).)).((((....))))).)))))),0,0,0,0,0,0.33299999999999996,0.07699999999999996,0,0
GGAGGCUGCGGAACGCAGUGAAACUGACCACGUGGCAACGCGGGGGCCCC,3.687427520751953,1,150,440,3.687427520751953,-21.4874267578125,-17.799999237060547,0.529,0,((.((((.(((....(((.....))).)).((((....))))).)))))),0,0,0,0,0,0.33299999999999996,0.07699999999999996,0,0
GGAGGCUGCGGAACGCAGUGAAACUGACCACUGGGCAACCAGGGGGCCCC,3.676450729370117,1,150,450,3.676450729370117,-22.676450729370117,-19.0,0.529,0,((.((((.(((....(((.....))).)).((((....))))).)))))),0,0,0,0,0,0.33299999999999996,0.07699999999999996,0,0
GGAGGCUGCGGAACGCAGUGAAACUGACCACGUGGCAACGCGGGGGCCCC,3.687427520751953,1,150,460,3.687427520751953,-21.4874267578125,-17.799999237060547,0.529,0,((.((((.(((....(((.....))).)).((((....))))).)))))),0,0,0,0,0,0.33299999999999996,0.07699999999999996,0,0
GGAGGCUGCGGAACGCAGUGAAACUGACCACUGGGCAACCAGGGGGCCCC,3.676450729370117,1,150,470,3.676450729370117,-22.676450729370117,-19.0,0.529,0,((.((((.(((....(((.....))).)).((((....))))).)))))),0,0,0,0,0,0.33299999999999996,0.07699999999999996,0,0
GGAGGCUGCGGAACGCAGUGAAACUGACCACGUGGCAACGCGGGGGCCCC,3.687427520751953,1,150,480,3.687427520751953,-21.4874267578125,-17.799999237060547,0.529,0,((.((((.(((....(((.....))).)).((((....))))).)))))),0,0,0,0,0,0.33299999999999996,0.07699999999999996,0,0
GGAGGCUGCGGAACGCAGUGAAACUGACCACUGGGCAACCAGGGGGCCCC,3.676450729370117,1,150,490,3.676450729370117,-22.676450729370117,-19.0,0.529,0,((.((((.(((....(((.....))).)).((((....))))).)))))),0,0,0,0,0,0.33299999999999996,0.07699999999999996,0,0
GGAGGCUGCGGAACGCAGUGAAACUGACCACGUGGCAACGCGGGGGCCCC,3.687427520751953,1,150,500,3.687427520751953,-21.4874267578125,-17.799999237060547,0.529,0,((.((((.(((....(((.....))).)).((((....))))).)))))),0,0,0,0,0,0.33299999999999996,0.07699999999999996,0,0
GGAGGCUGCGGAACGCAGUGAAACUGACCACUGGGCAACCAGGGGGCCCC,3.676450729370117,1,150,510,3.676450729370117,-22.676450729370117,-19.0,0.529,0,((.((((.(((....(((.....))).)).((((....))))).)))))),0,0,0,0,0,0.33299999999999996,0.07699999999999996,0,0
GGAGGCUGCGGAACGCAGUGAAACUGACCACGUGGCAACGCGGGGGCCCC,3.687427520751953,1,150,520,3.687427520751953,-21.4874267578125,-17.799999237060547,0.529,0,((.((((.(((....(((.....))).)).((((....))))).)))))),0,0,0,0,0,0.33299999999999996,0.07699999999999996,0,0
GGAGGCUGCGGAACGCAGUGAAACUGACCACUGGGCAACCAGGGGGCCCC,3.676450729370117,1,150,530,3.676450729370117,-22.676450729370117,-19.0,0.529,0,((.((((.(((....(((.....))).)).((((....))))).)))))),0,0,0,0,0,0.33299999999999996,0.07699999999999996,0,0
GGAGGCUGCGGAACGCAGUGAAACUGACCACGUGGCAACGCGGGGGCCCC,3.687427520751953,1,150,540,3.687427520751953,-21.4874267578125,-17.799999237060547,0.529,0,((.((((.(((....(((.....))).)).((((....))))).)))))),0,0,0,0,0,0.33299999999999996,0.07699999999999996,0,0
GGAGGCUGCGGAACGCAGUGAAACUGACCACUGGGCAACCAGGGGGCCCC,3.676450729370117,1,150,550,3.676450729370117,-22.676450729370117,-19.0,0.529,0,((.((((.(((....(((.....))).)).((((....))))).)))))),0,0,0,0,0,0.33299999999999996,0.07699999999999996,0,0
GGAGGCUGCGGAACGCAGUGAAACUGACCACGUGGCAACGCGGGGGCCCC,3.687427520751953,1,150,560,3.687427520751953,-21.4874267578125,-17.799999237060547,0.529,0,((.((((.(((....(((.....))).)).((((....))))).)))))),0,0,0,0,0,0.33299999999999996,0.07699999999999996,0,0
GGAGGCUGCGGAACGCAGUGAAACUGACCACUGGGCAACCAGGGGGCCCC,3.676450729370117,1,150,570,3.676450729370117,-22.676450729370117,-19.0,0.529,0,((.((((.(((....(((.....))).)).((((....))))).)))))),0,0,0,0,0,0.33299999999999996,0.07699999999999996,0,0
GGAGGCUGCGGAACGCAGUGAAACUGACCACGUGGCAACGCGGGGGCCCC,3.687427520751953,1,150,580,3.687427520751953,-21.4874267578125,-17.799999237060547,0.529,0,((.((((.(((....(((.....))).)).((((....))))).)))))),0,0,0,0,0,0.33299999999999996,0.07699999999999996,0,0
GGAGGCUGCGGAACGCAGUGAAACUGACCACUGGGCAACCAGGGGGCCCC,3.676450729370117,1,150,590,3.676450729370117,-22.676450729370117,-19.0,0.529,0,((.((((.(((....(((.....))).)).((((....))))).)))))),0,0,0,0,0,0.33299999999999996,0.07699999999999996,0,0
GGAGGCUGCGGAACGCAGUGAAACUGACCACGUGGCAACGCGGGGGCCCC,3.687427520751953,1,150,600,3.687427520751953,-21.4874267578125,-17.799999237060547,0.529,0,((.((((.(((....(((.....))).)).((((....))))).)))))),0,0,0,0,0,0.33299999999999996,0.07699999999999996,0,0
GGAGGCUGCGGAACGCAGUGAAACUGACCACUGGGCAACCAGGGGGCCCC,3.676450729370117,1,150,610,3.676450729370117,-22.676450729370117,-19.0,0.529,0,((.((((.(((....(((.....))).)).((((....))))).)))))),0,0,0,0,0,0.33299999999999996,0.07699999999999996,0,0
GGAGGCUGCGGAACGCAGUGAAACUGACCACGUGGCAACGCGGGGGCCCC,3.687427520751953,1,150,620,3.687427520751953,-21.4874267578125,-17.799999237060547,0.529,0,((.((((.(((....(((.....))).)).((((....))))).)))))),0,0,0,0,0,0.33299999999999996,0.07699999999999996,0,0
GGAGGCUGCGGAACGCAGUGAAACUGACCACUGGGCAACCAGGGGGCCCC,3.676450729370117,1,150,630,3.676450729370117,-22.676450729370117,-19.0,0.529,0,((.((((.(((....(((.....))).)).((((....))))).)))))),0,0,0,0,0,0.33299999999999996,0.07699999999999996,0,0
GGAGGCUGCGGAACGCAGUGAAACUGACCACGUGGCAACGCGGGGGCCCC,3.687427520751953,1,150,640,3.687427520751953,-21.4874267578125,-17.799999237060547,0.529,0,((.((((.(((....(((.....))).)).((((....))))).)))))),0,0,0,0,0,0.33299999999999996,0.07699999999999996,0,0
GGAGGCUGCGGAACGCAGUGAAACUGACCACUGGGCAACCAGGGGGCCCC,3.676450729370117,1,150,650,3.676450729370117,-22.676450729370117,-19.0,0.529,0,((.((((.(((....(((.....))).)).((((....))))).)))))),0,0,0,0,0,0.33299999999999996,0.07699999999999996,0,0
GGAGGCUGCGGAACGCAGUGAAACUGACCACGUGGCAACGCGGGGGCCCC,3.687427520751953,1,150,660,3.687427520751953,-21.4874267578125,-17.799999237060547,0.529,0,((.((((.(((....(((.....))).)).((((....))))).)))))),0,0,0,0,0,0.33299999999999996,0.07699999999999996,0,0
GGAGGCUGCGGAACGCAGUGAAACUGACCACUGGGCAACCAGGGGGCCCC,3.676450729370117,1,150,670,3.676450729370117,-22.676450729370117,-19.0,0.529,0,((.((((.(((....(((.....))).)).((((....))))).)))))),0,0,0,0,0,0.33299999999999996,0.07699999999999996,0,0
GGAGGCUGCGGAACGCAGUGAAACUGACCACGUGGCAACGCGGGGGCCCC,3.687427520751953,1,150,680,3.687427520751953,-21.4874267578125,-17.799999237060547,0.529,0,((.((((.(((....(((.....))).)).((((....))))).)))))),0,0,0,0,0,0.33299999999999996,0.07699999999999996,0,0
GGAGGCUGCGGAACGCAGUGAAACUGACCACUGGGCAACCAGGGGGCCCC,3.676450729370117,1,150,690,3.676450729370117,-22.676450729370117,-19.0,0.529,0,((.((((.(((....(((.....))).)).((((....))))).)))))),0,0,0,0,0,0.33299999999999996,0.07699999999999996,0,0
GGAGGCUGCGGAACGCAGUGAAACUGACCACGUGGCAACGCGGGGGCCCC,3.687427520751953,1,150,700,3.687427520751953,-21.4874267578125,-17.799999237060547,0.529,0,((.((((.(((....(((.....))).)).((((....))))).)))))),0,0,0,0,0,0.33299999999999996,0.07699999999999996,0,0
GGAGGCUGCGGAACGCAGUGAAACUGACCACUGGGCAACCAGGGGGCCCC,3.676450729370117,1,150,710,3.676450729370117,-22.676450729370117,-19.0,0.529,0,((.((((.(((....(((.....))).)).((((....))))).)))))),0,0,0,0,0,0.33299999999999996,0.07699999999999996,0,0
GGAGGCUGCGGAACGCAGUGAAACUGACCACGUGGCAACGCGGGGGCCCC,3.687427520751953,1,150,720,3.687427520751953,-21.4874267578125,-17.799999237060547,0.529,0,((.((((.(((....(((.....))).)).((((....))))).)))))),0,0,0,0,0,0.33299999999999996,0.07699999999999996,0,0
GGAGGCUGCGGAACGCAGUGAAACUGACCACUGGGCAACCAGGGGGCCCC,3.676450729370117,1,150,730,3.676450729370117,-22.676450729370117,-19.0,0.529,0,((.((((.(((....(((.....))).)).((((....))))).)))))),0,0,0,0,0,0.33299999999999996,0.07699999999999996,0,0
GGAGGCUGCGGAACGCAGUGAAACUGACCACGUGGCAACGCGGGGGCCCC,3.687427520751953,1,150,740,3.687427520751953,-21.4874267578125,-17.799999237060547,0.529,0,((.((((.(((....(((.....))).)).((((....))))).)))))),0,0,0,0,0,0.33299999999999996,0.07699999999999996,0,0
GGAGGCUGCGGAACGCAGUGAAACUGACCACUGGGCAACCAGGGGGCCCC,3.676450729370117,1,150,750,3.676450729370117,-22.676450729370117,-19.0,0.529,0,((.((((.(((....(((.....))).)).((((....))))).)))))),0,0,0,0,0,0.33299999999999996,0.07699999999999996,0,0
GGAGGCUGCGGAACGCAGUGAAACUGACCACGUGGCAACGCGGGGGCCCC,3.687427520751953,1,150,760,3.687427520751953,-21.4874267578125,-17.799999237060547,0.529,0,((.((((.(((....(((.....))).)).((((....))))).)))))),0,0,0,0,0,0.33299999999999996,0.07699999999999996,0,0
GGAGGCUGCGGAACGCAGUGAAACUGACCACUGGGCAACCAGGGGGCCCC,3.676450729370117,1,150,770,3.676450729370117,-22.676450729370117,-19.0,0.529,0,((.((((.(((....(((.....))).)).((((....))))).)))))),0,0,0,0,0,0.33299999999999996,0.07699999999999996,0,0
GGAGGCUGCGGAACGCAGUGAAACUGACCACGUGGCAACGCGGGGGCCCC,3.687427520751953,1,150,780,3.687427520751953,-21.4874267578125,-17.799999237060547,0.529,0,((.((((.(((....(((.....))).)).((((....))))).)))))),0,0,0,0,0,0.33299999999999996,0.07699999999999996,0,0
GGAGGCUGCGGAACGCAGUGAAACUGACCACUGGGCAACCAGGGGGCCCC,3.676450729370117,1,150,790,3.676450729370117,-22.676450729370117,-19.0,0.529,0,((.((((.(((....(((.....))).)).((((....))))).)))))),0,0,0,0,0,0.33299999999999996,0.07699999999999996,0,0
GGAGGCUGCGGAACGCAGUGAAACUGACCACGUGGCAACGCGGGGGCCCC,3.687427520751953,1,150,800,3.687427520751953,-21.4874267578125,-17.799999237060547,0.529,0,((.((((.(((....(((.....))).)).((((....))))).)))))),0,0,0,0,0,0.33299999999999996,0.07699999999999996,0,0
GGAGGCUGCGGAACGCAGUGAAACUGACCACUGGGCAACCAGGGGGCCCC,3.676450729370117,1,150,810,3.676450729370117,-22.676450729370117,-19.0,0.529,0,((.((((.(((....(((.....))).)).((((....))))).)))))),0,0,0,0,0,0.33299999999999996,0.07699999999999996,0,0
GGAGGCUGCGGAACGCAGUGAAACUGACCACGUGGCAACGCGGGGGCCCC,3.687427520751953,1,150,820,3.687427520751953,-21.4874267578125,-17.799999237060547,0.529,0,((.((((.(((....(((.....))).)).((((....))))).)))))),0,0,0,0,0,0.33299999999999996,0.07699999999999996,0,0
GGAGGCUGCGGAACGCAGUGAAACUGACCACUGGGCAACCAGGGGGCCCC,3.676450729370117,1,150,830,3.676450729370117,-22.676450729370117,-19.0,0.529,0,((.((((.(((....(((.....))).)).((((....))))).)))))),0,0,0,0,0,0.33299999999999996,0.07699999999999996,0,0
GGAGGCUGCGGAACGCAGUGAAACUGACCACGUGGCAACGCGGGGGCCCC,3.687427520751953,1,150,840,3.687427520751953,-21.4874267578125,-17.799999237060547,0.529,0,((.((((.(((....(((.....))).)).((((....))))).)))))),0,0,0,0,0,0.33299999999999996,0.07699999999999996,0,0
GGAGGCUGCGGAACGCAGUGAAACUGACCACUGGGCAACCAGGGGGCCCC,3.676450729370117,1,150,850,3.676450729370117,-22.676450729370117,-19.0,0.529,0,((.((((.(((....(((.....))).)).((((....))))).)))))),0,0,0,0,0,0.33299999999999996,0.07699999999999996,0,0
GGAGGCUGCGGAACGCAGUGAAACUGACCACGUGGCAACGCGGGGGCCCC,3.687427520751953,1,150,860,3.687427520751953,-21.4874267578125,-17.799999237060547,0.529,0,((.((((.(((....(((.....))).)).((((....))))).)))))),0,0,0,0,0,0.33299999999999996,0.07699999999999996,0,0
GGAGGCUGCGGAACGCAGUGAAACUGACCACUGGGCAACCAGGGGGCCCC,3.676450729370117,1,150,870,3.676450729370117,-22.676450729370117,-19.0,0.529,0,((.((((.(((....(((.....))).)).((((....))))).)))))),0,0,0,0,0,0.33299999999999996,0.07699999999999996,0,0
GGAGGCUGCGGAACGCAGUGAAACUGACCACGUGGCAACGCGGGGGCCCC,3.687427520751953,1,150,880,3.687427520751953,-21.4874267578125,-17.799999237060547,0.529,0,((.((((.(((....(((.....))).)).((((....))))).)))))),0,0,0,0,0,0.33299999999999996,0.07699999999999996,0,0
GGAGGCUGCGGAACGCAGUGAAACUGACCACUGGGCAACCAGGGGGCCCC,3.676450729370117,1,150,890,3.676450729370117,-22.676450729370117,-19.0,0.529,0,((.((((.(((....(((.....))).)).((((....))))).)))))),0,0,0,0,0,0.33299999999999996,0.07699999999999996,0,0
GGAGGCUGCGGAACGCAGUGAAACUGACCACGUGGCAACGCGGGGGCCCC,3.687427520751953,1,150,900,3.687427520751953,-21.4874267578125,-17.799999237060547,0.529,0,((.((((.(((....(((.....))).)).((((....))))).)))))),0,0,0,0,0,0.33299999999999996,0.07699999999999996,0,0
GGAGGCUGCGGAACGCAGUGAAACUGACCACUGGGCAACCAGGGGGCCCC,3.676450729370117,1,150,910,3.676450729370117,-22.676450729370117,-19.0,0.529,0,((.((((.(((....(((.....))).)).((((....))))).)))))),0,0,0,0,0,0.33299999999999996,0.07699999999999996,0,0
GGAGGCUGCGGAACGCAGUGAAACUGACCACGUGGCAACGCGGGGGCCCC,3.687427520751953,1,150,920,3.687427520751953,-21.4874267578125,-17.799999237060547,0.529,0,((.((((.(((....(((.....))).)).((((....))))).)))))),0,0,0,0,0,0.33299999999999996,0.07699999999999996,0,0
GGAGGCUGCGGAACGCAGUGAAACUGACCACUGGGCAACCAGGGGGCCCC,3.676450729370117,1,150,930,3.676450729370117,-22.676450729370117,-19.0,0.529,0,((.((((.(((....(((.....))).)).((((....))))).)))))),0,0,0,0,0,0.33299999999999996,0.07699999999999996,0,0
GGAGGCUGCGGAACGCAGUGAAACUGACCACGUGGCAACGCGGGGGCCCC,3.687427520751953,1,150,940,3.687427520751953,-21.4874267578125,-17.799999237060547,0.529,0,((.((((.(((....(((.....))).)).((((....))))).)))))),0,0,0,0,0,0.33299999999999996,0.07699999999999996,0,0
GGAGGCUGCGGAACGCAGUGAAACUGACCACUGGGCAACCAGGGGGCCCC,3.676450729370117,1,150,950,3.676450729370117,-22.676450729370117,-19.0,0.529,0,((.((((.(((....(((.....))).)).((((....))))).)))))),0,0,0,0,0,0.33299999999999996,0.07699999999999996,0,0
GGAGGCUGCGGAACGCAGUGAAACUGACCACGUGGCAACGCGGGGGCCCC,3.687427520751953,1,150,960,3.687427520751953,-21.4874267578125,-17.799999237060547,0.529,0,((.((((.(((....(((.....))).)).((((....))))).)))))),0,0,0,0,0,0.33299999999999996,0.07699999999999996,0,0
GGAGGCUGCGGAACGCAGUGAAACUGACCACUGGGCAACCAGGGGGCCCC,3.676450729370117,1,150,970,3.676450729370117,-22.676450729370117,-19.0,0.529,0,((.((((.(((....(((.....))).)).((((....))))).)))))),0,0,0,0,0,0.33299999999999996,0.07699999999999996,0,0
GGAGGCUGCGGAACGCAGUGAAACUGACCACGUGGCAACGCGGGGGCCCC,3.687427520751953,1,150,980,3.687427520751953,-21.4874267578125,-17.799999237060547,0.529,0,((.((((.(((....(((.....))).)).((((....))))).)))))),0,0,0,0,0,0.33299999999999996,0.07699999999999996,0,0
GGAGGCUGCGGAACGCAGUGAAACUGACCACUGGGCAACCAGGGGGCCCC,3.676450729370117,1,150,990,3.676450729370117,-22.676450729370117,-19.0,0.529,0,((.((((.(((....(((.....))).)).((((....))))).)))))),0,0,0,0,0,0.33299999999999996,0.07699999999999996,0,0
GGAGGCUGCGGAACGCAGUGAAACUGACCACGUGGCAACGCGGGGGCCCC,3.687427520751953,1,150,1000,3.687427520751953,-21.4874267578125,-17.799999237060547,0.529,0,((.((((.(((....(((.....))).)).((((....))))).)))))),0,0,0,0,0,0.33299999999999996,0.07699999999999996,0,0
GGAGGCUGCGGAACGCAGUGAAACUGACCACUGGGCAACCAGGGGGCCCC,3.676450729370117,1,150,1010,3.676450729370117,-22.676450729370117,-19.0,0.529,0,((.((((.(((....(((.....))).)).((((....))))).)))))),0,0,0,0,0,0.33299999999999996,0.07699999999999996,0,0
GGAGGCUGCGGAACGCAGUGAAACUGACCACGUGGCAACGCGGGGGCCCC,3.687427520751953,1,150,1020,3.687427520751953,-21.4874267578125,-17.799999237060547,0.529,0,((.((((.(((....(((.....))).)).((((....))))).)))))),0,0,0,0,0,0.33299999999999996,0.07699999999999996,0,0
GGAGGCUGCGGAACGCAGUGAAACUGACCACUGGGCAACCAGGGGGCCCC,3.676450729370117,1,150,1030,3.676450729370117,-22.676450729370117,-19.0,0.529,0,((.((((.(((....(((.....))).)).((((....))))).)))))),0,0,0,0,0,0.33299999999999996,0.07699999999999996,0,0
GGAGGCUGCGGAACGCAGUGAAACUGACCACGUGGCAACGCGGGGGCCCC,3.687427520751953,1,150,1040,3.687427520751953,-21.4874267578125,-17.799999237060547,0.529,0,((.((((.(((....(((.....))).)).((((....))))).)))))),0,0,0,0,0,0.33299999999999996,0.07699999999999996,0,0
GGAGGCUGCGGAACGCAGUGAAACUGACCACUGGGCAACCAGGGGGCCCC,3.676450729370117,1,150,1050,3.676450729370117,-22.676450729370117,-19.0,0.529,0,((.((((.(((....(((.....))).)).((((....))))).)))))),0,0,0,0,0,0.33299999999999996,0.07699999999999996,0,0
GGAGGCUGCGGAACGCAGUGAAACUGACCACGUGGCAACGCGGGGGCCCC,3.687427520751953,1,150,1060,3.687427520751953,-21.4874267578125,-17.799999237060547,0.529,0,((.((((.(((....(((.....))).)).((((....))))).)))))),0,0,0,0,0,0.33299999999999996,0.07699999999999996,0,0
GGAGGCUGCGGAACGCAGUGAAACUGACCACUGGGCAACCAGGGGGCCCC,3.676450729370117,1,150,1070,3.676450729370117,-22.676450729370117,-19.0,0.529,0,((.((((.(((....(((.....))).)).((((....))))).)))))),0,0,0,0,0,0.33299999999999996,0.07699999999999996,0,0
GGAGGCUGCGGAACGCAGUGAAACUGACCACGUGGCAACGCGGGGGCCCC,3.687427520751953,1,150,1080,3.687427520751953,-21.4874267578125,-17.799999237060547,0.529,0,((.((((.(((....(((.....))).)).((((....))))).)))))),0,0,0,0,0,0.33299999999999996,0.07699999999999996,0,0
GGAGGCUGCGGAACGCAGUGAAACUGACCACUGGGCAACCAGGGGGCCCC,3.676450729370117,1,150,1090,3.676450729370117,-22.676450729370117,-19.0,0.529,0,((.((((.(((....(((.....))).)).((((....))))).)))))),0,0,0,0,0,0.33299999999999996,0.07699999999999996,0,0
GGAGGCUGCGGAACGCAGUGAAACUGACCACGUGGCAACGCGGGGGCCCC,3.687427520751953,1,150,1100,3.687427520751953,-21.4874267578125,-17.799999237060547,0.529,0,((.((((.(((....(((.....))).)).((((....))))).)))))),0,0,0,0,0,0.33299999999999996,0.07699999999999996,0,0
GGAGGCUGCGGAACGCAGUGAAACUGACCACUGGGCAACCAGGGGGCCCC,3.676450729370117,1,150,1110,3.676450729370117,-22.676450729370117,-19.0,0.529,0,((.((((.(((....(((.....))).)).((((....))))).)))))),0,0,0,0,0,0.33299999999999996,0.07699999999999996,0,0
GGAGGCUGCGGAACGCAGUGAAACUGACCACGUGGCAACGCGGGGGCCCC,3.687427520751953,1,150,1120,3.687427520751953,-21.4874267578125,-17.799999237060547,0.529,0,((.((((.(((....(((.....))).)).((((....))))).)))))),0,0,0,0,0,0.33299999999999996,0.07699999999999996,0,0
GGAGGCUGCGGAACGCAGUGAAACUGACCACUGGGCAACCAGGGGGCCCC,3.676450729370117,1,150,1130,3.676450729370117,-22.676450729370117,-19.0,0.529,0,((.((((.(((....(((.....))).)).((((....))))).)))))),0,0,0,0,0,0.33299999999999996,0.07699999999999996,0,0
GGAGGCUGCGGAACGCAGUGAAACUGACCACGUGGCAACGCGGGGGCCCC,3.687427520751953,1,150,1140,3.687427520751953,-21.4874267578125,-17.799999237060547,0.529,0,((.((((.(((....(((.....))).)).((((....))))).)))))),0,0,0,0,0,0.33299999999999996,0.07699999999999996,0,0
GGAGGCUGCGGAACGCAGUGAAACUGACCACUGGGCAACCAGGGGGCCCC,3.676450729370117,1,150,1150,3.676450729370117,-22.676450729370117,-19.0,0.529,0,((.((((.(((....(((.....))).)).((((....))))).)))))),0,0,0,0,0,0.33299999999999996,0.07699999999999996,0,0
GGAGGCUGCGGAACGCAGUGAAACUGACCACGUGGCAACGCGGGGGCCCC,3.687427520751953,1,150,1160,3.687427520751953,-21.4874267578125,-17.799999237060547,0.529,0,((.((((.(((....(((.....))).)).((((....))))).)))))),0,0,0,0,0,0.33299999999999996,0.07699999999999996,0,0
GGAGGCUGCGGAACGCAGUGAAACUGACCACUGGGCAACCAGGGGGCCCC,3.676450729370117,1,150,1170,3.676450729370117,-22.676450729370117,-19.0,0.529,0,((.((((.(((....(((.....))).)).((((....))))).)))))),0,0,0,0,0,0.33299999999999996,0.07699999999999996,0,0
GGAGGCUGCGGAACGCAGUGAAACUGACCACGUGGCAACGCGGGGGCCCC,3.687427520751953,1,150,1180,3.687427520751953,-21.4874267578125,-17.799999237060547,0.529,0,((.((((.(((....(((.....))).)).((((....))))).)))))),0,0,0,0,0,0.33299999999999996,0.07699999999999996,0,0
GGAGGCUGCGGAACGCAGUGAAACUGACCACUGGGCAACCAGGGGGCCCC,3.676450729370117,1,150,1190,3.676450729370117,-22.676450729370117,-19.0,0.529,0,((.((((.(((....(((.....))).)).((((....))))).)))))),0,0,0,0,0,0.33299999999999996,0.07699999999999996,0,0
GGAGGCUGCGGAACGCAGUGAAACUGACCACGUGGCAACGCGGGGGCCCC,3.687427520751953,1,150,1200,3.687427520751953,-21.4874267578125,-17.799999237060547,0.529,0,((.((((.(((....(((.....))).)).((((....))))).)))))),0,0,0,0,0,0.33299999999999996,0.07699999999999996,0,0
GGAGGCUGCGGAACGCAGUGAAACUGACCACUGGGCAACCAGGGGGCCCC,3.676450729370117,1,150,1210,3.676450729370117,-22.676450729370117,-19.0,0.529,0,((.((((.(((....(((.....))).)).((((....))))).)))))),0,0,0,0,0,0.33299999999999996,0.07699999999999996,0,0
GGAGGCUGCGGAACGCAGUGAAACUGACCACGUGGCAACGCGGGGGCCCC,3.687427520751953,1,150,1220,3.687427520751953,-21.4874267578125,-17.799999237060547,0.529,0,((.((((.(((....(((.....))).)).((((....))))).)))))),0,0,0,0,0,0.33299999999999996,0.07699999999999996,0,0
GGAGGCUGCGGAACGCAGUGAAACUGACCACUGGGCAACCAGGGGGCCCC,3.676450729370117,1,150,1230,3.676450729370117,-22.676450729370117,-19.0,0.529,0,((.((((.(((....(((.....))).)).((((....))))).)))))),0,0,0,0,0,0.33299999999999996,0.07699999999999996,0,0
GGAGGCUGCGGAACGCAGUGAAACUGACCACGUGGCAACGCGGGGGCCCC,3.687427520751953,1,150,1240,3.687427520751953,-21.4874267578125,-17.799999237060547,0.529,0,((.((((.(((....(((.....))).)).((((....))))).)))))),0,0,0,0,0,0.33299999999999996,0.07699999999999996,0,0
GGAGGCUGCGGAACGCAGUGAAACUGACCACUGGGCAACCAGGGGGCCCC,3.676450729370117,1,150,1250,3.676450729370117,-22.676450729370117,-19.0,0.529,0,((.((((.(((....(((.....))).)).((((....))))).)))))),0,0,0,0,0,0.33299999999999996,0.07699999999999996,0,0
GGAGGCUGCGGAACGCAGUGAAACUGACCACGUGGCAACGCGGGGGCCCC,3.687427520751953,1,150,1260,3.687427520751953,-21.4874267578125,-17.799999237060547,0.529,0,((.((((.(((....(((.....))).)).((((....))))).)))))),0,0,0,0,0,0.33299999999999996,0.07699999999999996,0,0
GGAGGCUGCGGAACGCAGUGAAACUGACCACUGGGCAACCAGGGGGCCCC,3.676450729370117,1,150,1270,3.676450729370117,-22.676450729370117,-19.0,0.529,0,((.((((.(((....(((.....))).)).((((....))))).)))))),0,0,0,0,0,0.33299999999999996,0.07699999999999996,0,0
GGAGGCUGCGGAACGCAGUGAAACUGACCACGUGGCAACGCGGGGGCCCC,3.687427520751953,1,150,1280,3.687427520751953,-21.4874267578125,-17.799999237060547,0.529,0,((.((((.(((....(((.....))).)).((((....))))).)))))),0,0,0,0,0,0.33299999999999996,0.07699999999999996,0,0
GGAGGCUGCGGAACGCAGUGAAACUGACCACUGGGCAACCAGGGGGCCCC,3.676450729370117,1,150,1290,3.676450729370117,-22.676450729370117,-19.0,0.529,0,((.((((.(((....(((.....))).)).((((....))))).)))))),0,0,0,0,0,0.33299999999999996,0.07699999999999996,0,0
GGAGGCUGCGGAACGCAGUGAAACUGACCACGUGGCAACGCGGGGGCCCC,3.687427520751953,1,150,1300,3.687427520751953,-21.4874267578125,-17.799999237060547,0.529,0,((.((((.(((....(((.....))).)).((((....))))).)))))),0,0,0,0,0,0.33299999999999996,0.07699999999999996,0,0
GGAGGCUGCGGAACGCAGUGAAACUGACCACUGGGCAACCAGGGGGCCCC,3.676450729370117,1,150,1310,3.676450729370117,-22.676450729370117,-19.0,0.529,0,((.((((.(((....(((.....))).)).((((....))))).)))))),0,0,0,0,0,0.33299999999999996,0.07699999999999996,0,0
GGAGGCUGCGGAACGCAGUGAAACUGACCACGUGGCAACGCGGGGGCCCC,3.687427520751953,1,150,1320,3.687427520751953,-21.4874267578125,-17.799999237060547,0.529,0,((.((((.(((....(((.....))).)).((((....))))).)))))),0,0,0,0,0,0.33299999999999996,0.07699999999999996,0,0
GGAGGCUGCGGAACGCAGUGAAACUGACCACUGGGCAACCAGGGGGCCCC,3.676450729370117,1,150,1330,3.676450729370117,-22.676450729370117,-19.0,0.529,0,((.((((.(((....(((.....))).)).((((....))))).)))))),0,0,0,0,0,0.33299999999999996,0.07699999999999996,0,0
GGAGGCUGCGGAACGCAGUGAAACUGACCACGUGGCAACGCGGGGGCCCC,3.687427520751953,1,150,1340,3.687427520751953,-21.4874267578125,-17.799999237060547,0.529,0,((.((((.(((....(((.....))).)).((((....))))).)))))),0,0,0,0,0,0.33299999999999996,0.07699999999999996,0,0
GGAGGCUGCGGAACGCAGUGAAACUGACCACUGGGCAACCAGGGGGCCCC,3.676450729370117,1,150,1350,3.676450729370117,-22.676450729370117,-19.0,0.529,0,((.((((.(((....(((.....))).)).((((....))))).)))))),0,0,0,0,0,0.33299999999999996,0.07699999999999996,0,0
GGAGGCUGCGGAACGCAGUGAAACUGACCACGUGGCAACGCGGGGGCCCC,3.687427520751953,1,150,1360,3.687427520751953,-21.4874267578125,-17.799999237060547,0.529,0,((.((((.(((....(((.....))).)).((((....))))).)))))),0,0,0,0,0,0.33299999999999996,0.07699999999999996,0,0
GGAGGCUGCGGAACGCAGUGAAACUGACCACUGGGCAACCAGGGGGCCCC,3.676450729370117,1,150,1370,3.676450729370117,-22.676450729370117,-19.0,0.529,0,((.((((.(((....(((.....))).)).((((....))))).)))))),0,0,0,0,0,0.33299999999999996,0.07699999999999996,0,0
GGAGGCUGCGGAACGCAGUGAAACUGACCACGUGGCAACGCGGGGGCCCC,3.687427520751953,1,150,1380,3.687427520751953,-21.4874267578125,-17.799999237060547,0.529,0,((.((((.(((....(((.....))).)).((((....))))).)))))),0,0,0,0,0,0.33299999999999996,0.07699999999999996,0,0
GGAGGCUGCGGAACGCAGUGAAACUGACCACUGGGCAACCAGGGGGCCCC,3.676450729370117,1,150,1390,3.676450729370117,-22.676450729370117,-19.0,0.529,0,((.((((.(((....(((.....))).)).((((....))))).)))))),0,0,0,0,0,0.33299999999999996,0.07699999999999996,0,0
GGAGGCUGCGGAACGCAGUGAAACUGACCACGUGGCAACGCGGGGGCCCC,3.687427520751953,1,150,1400,3.687427520751953,-21.4874267578125,-17.799999237060547,0.529,0,((.((((.(((....(((.....))).)).((((....))))).)))))),0,0,0,0,0,0.33299999999999996,0.07699999999999996,0,0
GGAGGCUGCGGAACGCAGUGAAACUGACCACUGGGCAACCAGGGGGCCCC,3.676450729370117,1,150,1410,3.676450729370117,-22.676450729370117,-19.0,0.529,0,((.((((.(((....(((.....))).)).((((....))))).)))))),0,0,0,0,0,0.33299999999999996,0.07699999999999996,0,0
GGAGGCUGCGGAACGCAGUGAAACUGACCACGUGGCAACGCGGGGGCCCC,3.687427520751953,1,150,1420,3.687427520751953,-21.4874267578125,-17.799999237060547,0.529,0,((.((((.(((....(((.....))).)).((((....))))).)))))),0,0,0,0,0,0.33299999999999996,0.07699999999999996,0,0
GGAGGCUGCGGAACGCAGUGAAACUGACCACUGGGCAACCAGGGGGCCCC,3.676450729370117,1,150,1430,3.676450729370117,-22.676450729370117,-19.0,0.529,0,((.((((.(((....(((.....))).)).((((....))))).)))))),0,0,0,0,0,0.33299999999999996,0.07699999999999996,0,0
GGAGGCUGCGGAACGCAGUGAAACUGACCACGUGGCAACGCGGGGGCCCC,3.687427520751953,1,150,1440,3.687427520751953,-21.4874267578125,-17.799999237060547,0.529,0,((.((((.(((....(((.....))).)).((((....))))).)))))),0,0,0,0,0,0.33299999999999996,0.07699999999999996,0,0
GGAGGCUGCGGAACGCAGUGAAACUGACCACUGGGCAACCAGGGGGCCCC,3.676450729370117,1,150,1450,3.676450729370117,-22.676450729370117,-19.0,0.529,0,((.((((.(((....(((.....))).)).((((....))))).)))))),0,0,0,0,0,0.33299999999999996,0.07699999999999996,0,0
GGAGGCUGCGGAACGCAGUGAAACUGACCACGUGGCAACGCGGGGGCCCC,3.687427520751953,1,150,1460,3.687427520751953,-21.4874267578125,-17.799999237060547,0.529,0,((.((((.(((....(((.....))).)).((((....))))).)))))),0,0,0,0,0,0.33299999999999996,0.07699999999999996,0,0
GGAGGCUGCGGAACGCAGUGAAACUGACCACUGGGCAACCAGGGGGCCCC,3.676450729370117,1,150,1470,3.676450729370117,-22.676450729370117,-19.0,0.529,0,((.((((.(((....(((.....))).)).((((....))))).)))))),0,0,0,0,0,0.33299999999999996,0.07699999999999996,0,0
GGAGGCUGCGGAACGCAGUGAAACUGACCACGUGGCAACGCGGGGGCCCC,3.687427520751953,1,150,1480,3.687427520751953,-21.4874267578125,-17.799999237060547,0.529,0,((.((((.(((....(((.....))).)).((((....))))).)))))),0,0,0,0,0,0.33299999999999996,0.07699999999999996,0,0
GGAGGCUGCGGAACGCAGUGAAACUGACCACUGGGCAACCAGGGGGCCCC,3.676450729370117,1,150,1490,3.676450729370117,-22.676450729370117,-19.0,0.529,0,((.((((.(((....(((.....))).)).((((....))))).)))))),0,0,0,0,0,0.33299999999999996,0.07699999999999996,0,0
GGAGGCUGCGGAACGCAGUGAAACUGACCACGUGGCAACGCGGGGGCCCC,3.687427520751953,1,150,1500,3.687427520751953,-21.4874267578125,-17.799999237060547,0.529,0,((.((((.(((....(((.....))).)).((((....))))).)))))),0,0,0,0,0,0.33299999999999996,0.07699999999999996,0,0
GGAGGCUGCGGAACGCAGUGAAACUGACCACUGGGCAACCAGGGGGCCCC,3.676450729370117,1,150,1510,3.676450729370117,-22.676450729370117,-19.0,0.529,0,((.((((.(((....(((.....))).)).((((....))))).)))))),0,0,0,0,0,0.33299999999999996,0.07699999999999996,0,0
GGAGGCUGCGGAACGCAGUGAAACUGACCACGUGGCAACGCGGGGGCCCC,3.687427520751953,1,150,1520,3.687427520751953,-21.4874267578125,-17.799999237060547,0.529,0,((.((((.(((....(((.....))).)).((((....))))).)))))),0,0,0,0,0,0.33299999999999996,0.07699999999999996,0,0
GGAGGCUGCGGAACGCAGUGAAACUGACCACUGGGCAACCAGGGGGCCCC,3.676450729370117,1,150,1530,3.676450729370117,-22.676450729370117,-19.0,0.529,0,((.((((.(((....(((.....))).)).((((....))))).)))))),0,0,0,0,0,0.33299999999999996,0.07699999999999996,0,0
GGAGGCUGCGGAACGCAGUGAAACUGACCACGUGGCAACGCGGGGGCCCC,3.687427520751953,1,150,1540,3.687427520751953,-21.4874267578125,-17.799999237060547,0.529,0,((.((((.(((....(((.....))).)).((((....))))).)))))),0,0,0,0,0,0.33299999999999996,0.07699999999999996,0,0
GGAGGCUGCGGAACGCAGUGAAACUGACCACUGGGCAACCAGGGGGCCCC,3.676450729370117,1,150,1550,3.676450729370117,-22.676450729370117,-19.0,0.529,0,((.((((.(((....(((.....))).)).((((....))))).)))))),0,0,0,0,0,0.33299999999999996,0.07699999999999996,0,0
GGAGGCUGCGGAACGCAGUGAAACUGACCACGUGGCAACGCGGGGGCCCC,3.687427520751953,1,150,1560,3.687427520751953,-21.4874267578125,-17.799999237060547,0.529,0,((.((((.(((....(((.....))).)).((((....))))).)))))),0,0,0,0,0,0.33299999999999996,0.07699999999999996,0,0
GGAGGCUGCGGAACGCAGUGAAACUGACCACUGGGCAACCAGGGGGCCCC,3.676450729370117,1,150,1570,3.676450729370117,-22.676450729370117,-19.0,0.529,0,((.((((.(((....(((.....))).)).((((....))))).)))))),0,0,0,0,0,0.33299999999999996,0.07699999999999996,0,0
GGAGGCUGCGGAACGCAGUGAAACUGACCACGUGGCAACGCGGGGGCCCC,3.687427520751953,1,150,1580,3.687427520751953,-21.4874267578125,-17.799999237060547,0.529,0,((.((((.(((....(((.....))).)).((((....))))).)))))),0,0,0,0,0,0.33299999999999996,0.07699999999999996,0,0
GGAGGCUGCGGAACGCAGUGAAACUGACCACUGGGCAACCAGGGGGCCCC,3.676450729370117,1,150,1590,3.676450729370117,-22.676450729370117,-19.0,0.529,0,((.((((.(((....(((.....))).)).((((....))))).)))))),0,0,0,0,0,0.33299999999999996,0.07699999999999996,0,0
GGAGGCUGCGGAACGCAGUGAAACUGACCACGUGGCAACGCGGGGGCCCC,3.687427520751953,1,150,1600,3.687427520751953,-21.4874267578125,-17.799999237060547,0.529,0,((.((((.(((....(((.....))).)).((((....))))).)))))),0,0,0,0,0,0.33299999999999996,0.07699999999999996,0,0
GGAGGCUGCGGAACGCAGUGAAACUGACCACUGGGCAACCAGGGGGCCCC,3.676450729370117,1,150,1610,3.676450729370117,-22.676450729370117,-19.0,0.529,0,((.((((.(((....(((.....))).)).((((....))))).)))))),0,0,0,0,0,0.33299999999999996,0.07699999999999996,0,0
GGAGGCUGCGGAACGCAGUGAAACUGACCACGUGGCAACGCGGGGGCCCC,3.687427520751953,1,150,1620,3.687427520751953,-21.4874267578125,-17.799999237060547,0.529,0,((.((((.(((....(((.....))).)).((((....))))).)))))),0,0,0,0,0,0.33299999999999996,0.07699999999999996,0,0
GGAGGCUGCGGAACGCAGUGAAACUGACCACUGGGCAACCAGGGGGCCCC,3.676450729370117,1,150,1630,3.676450729370117,-22.676450729370117,-19.0,0.529,0,((.((((.(((....(((.....))).)).((((....))))).)))))),0,0,0,0,0,0.33299999999999996,0.07699999999999996,0,0
GGAGGCUGCGGAACGCAGUGAAACUGACCACGUGGCAACGCGGGGGCCCC,3.687427520751953,1,150,1640,3.687427520751953,-21.4874267578125,-17.799999237060547,0.529,0,((.((((.(((....(((.....))).)).((((....))))).)))))),0,0,0,0,0,0.33299999999999996,0.07699999999999996,0,0
GGAGGCUGCGGAACGCAGUGAAACUGACCACUGGGCAACCAGGGGGCCCC,3.676450729370117,1,150,1650,3.676450729370117,-22.676450729370117,-19.0,0.529,0,((.((((.(((....(((.....))).)).((((....))))).)))))),0,0,0,0,0,0.33299999999999996,0.07699999999999996,0,0
GGAGGCUGCGGAACGCAGUGAAACUGACCACGUGGCAACGCGGGGGCCCC,3.687427520751953,1,150,1660,3.687427520751953,-21.4874267578125,-17.799999237060547,0.529,0,((.((((.(((....(((.....))).)).((((....))))).)))))),0,0,0,0,0,0.33299999999999996,0.07699999999999996,0,0
GGAGGCUGCGGAACGCAGUGAAACUGACCACUGGGCAACCAGGGGGCCCC,3.676450729370117,1,150,1670,3.676450729370117,-22.676450729370117,-19.0,0.529,0,((.((((.(((....(((.....))).)).((((....))))).)))))),0,0,0,0,0,0.33299999999999996,0.07699999999999996,0,0
GGAGGCUGCGGAACGCAGUGAAACUGACCACGUGGCAACGCGGGGGCCCC,3.687427520751953,1,150,1680,3.687427520751953,-21.4874267578125,-17.799999237060547,0.529,0,((.((((.(((....(((.....))).)).((((....))))).)))))),0,0,0,0,0,0.33299999999999996,0.07699999999999996,0,0
GGAGGCUGCGGAACGCAGUGAAACUGACCACUGGGCAACCAGGGGGCCCC,3.676450729370117,1,150,1690,3.676450729370117,-22.676450729370117,-19.0,0.529,0,((.((((.(((....(((.....))).)).((((....))))).)))))),0,0,0,0,0,0.33299999999999996,0.07699999999999996,0,0
GGAGGCUGCGGAACGCAGUGAAACUGACCACGUGGCAACGCGGGGGCCCC,3.687427520751953,1,150,1700,3.687427520751953,-21.4874267578125,-17.799999237060547,0.529,0,((.((((.(((....(((.....))).)).((((....))))).)))))),0,0,0,0,0,0.33299999999999996,0.07699999999999996,0,0
GGAGGCUGCGGAACGCAGUGAAACUGACCACUGGGCAACCAGGGGGCCCC,3.676450729370117,1,150,1710,3.676450729370117,-22.676450729370117,-19.0,0.529,0,((.((((.(((....(((.....))).)).((((....))))).)))))),0,0,0,0,0,0.33299999999999996,0.07699999999999996,0,0
GGAGGCUGCGGAACGCAGUGAAACUGACCACGUGGCAACGCGGGGGCCCC,3.687427520751953,1,150,1720,3.687427520751953,-21.4874267578125,-17.799999237060547,0.529,0,((.((((.(((....(((.....))).)).((((....))))).)))))),0,0,0,0,0,0.33299999999999996,0.07699999999999996,0,0
GGAGGCUGCGGAACGCAGUGAAACUGACCACUGGGCAACCAGGGGGCCCC,3.676450729370117,1,150,1730,3.676450729370117,-22.676450729370117,-19.0,0.529,0,((.((((.(((....(((.....))).)).((((....))))).)))))),0,0,0,0,0,0.33299999999999996,0.07699999999999996,0,0
GGAGGCUGCGGAACGCAGUGAAACUGACCACGUGGCAACGCGGGGGCCCC,3.687427520751953,1,150,1740,3.687427520751953,-21.4874267578125,-17.799999237060547,0.529,0,((.((((.(((....(((.....))).)).((((....))))).)))))),0,0,0,0,0,0.33299999999999996,0.07699999999999996,0,0
GGAGGCUGCGGAACGCAGUGAAACUGACCACUGGGCAACCAGGGGGCCCC,3.676450729370117,1,150,1750,3.676450729370117,-22.676450729370117,-19.0,0.529,0,((.((((.(((....(((.....))).)).((((....))))).)))))),0,0,0,0,0,0.33299999999999996,0.07699999999999996,0,0
GGAGGCUGCGGAACGCAGUGAAACUGACCACGUGGCAACGCGGGGGCCCC,3.687427520751953,1,150,1760,3.687427520751953,-21.4874267578125,-17.799999237060547,0.529,0,((.((((.(((....(((.....))).)).((((....))))).)))))),0,0,0,0,0,0.33299999999999996,0.07699999999999996,0,0
GGAGGCUGCGGAACGCAGUGAAACUGACCACUGGGCAACCAGGGGGCCCC,3.676450729370117,1,150,1770,3.676450729370117,-22.676450729370117,-19.0,0.529,0,((.((((.(((....(((.....))).)).((((....))))).)))))),0,0,0,0,0,0.33299999999999996,0.07699999999999996,0,0
GGAGGCUGCGGAACGCAGUGAAACUGACCACGUGGCAACGCGGGGGCCCC,3.687427520751953,1,150,1780,3.687427520751953,-21.4874267578125,-17.799999237060547,0.529,0,((.((((.(((....(((.....))).)).((((....))))).)))))),0,0,0,0,0,0.33299999999999996,0.07699999999999996,0,0
GGAGGCUGCGGAACGCAGUGAAACUGACCACUGGGCAACCAGGGGGCCCC,3.676450729370117,1,150,1790,3.676450729370117,-22.676450729370117,-19.0,0.529,0,((.((((.(((....(((.....))).)).((((....))))).)))))),0,0,0,0,0,0.33299999999999996,0.07699999999999996,0,0
GGAGGCUGCGGAACGCAGUGAAACUGACCACGUGGCAACGCGGGGGCCCC,3.687427520751953,1,150,1800,3.687427520751953,-21.4874267578125,-17.799999237060547,0.529,0,((.((((.(((....(((.....))).)).((((....))))).)))))),0,0,0,0,0,0.33299999999999996,0.07699999999999996,0,0
GGAGGCUGCGGAACGCAGUGAAACUGACCACUGGGCAACCAGGGGGCCCC,3.676450729370117,1,150,1810,3.676450729370117,-22.676450729370117,-19.0,0.529,0,((.((((.(((....(((.....))).)).((((....))))).)))))),0,0,0,0,0,0.33299999999999996,0.07699999999999996,0,0
GGAGGCUGCGGAACGCAGUGAAACUGACCACGUGGCAACGCGGGGGCCCC,3.687427520751953,1,150,1820,3.687427520751953,-21.4874267578125,-17.799999237060547,0.529,0,((.((((.(((....(((.....))).)).((((....))))).)))))),0,0,0,0,0,0.33299999999999996,0.07699999999999996,0,0
GGAGGCUGCGGAACGCAGUGAAACUGACCACUGGGCAACCAGGGGGCCCC,3.676450729370117,1,150,1830,3.676450729370117,-22.676450729370117,-19.0,0.529,0,((.((((.(((....(((.....))).)).((((....))))).)))))),0,0,0,0,0,0.33299999999999996,0.07699999999999996,0,0
GGAGGCUGCGGAACGCAGUGAAACUGACCACGUGGCAACGCGGGGGCCCC,3.687427520751953,1,150,1840,3.687427520751953,-21.4874267578125,-17.799999237060547,0.529,0,((.((((.(((....(((.....))).)).((((....))))).)))))),0,0,0,0,0,0.33299999999999996,0.07699999999999996,0,0
GGAGGCUGCGGAACGCAGUGAAACUGACCACUGGGCAACCAGGGGGCCCC,3.676450729370117,1,150,1850,3.676450729370117,-22.676450729370117,-19.0,0.529,0,((.((((.(((....(((.....))).)).((((....))))).)))))),0,0,0,0,0,0.33299999999999996,0.07699999999999996,0,0
GGAGGCUGCGGAACGCAGUGAAACUGACCACGUGGCAACGCGGGGGCCCC,3.687427520751953,1,150,1860,3.687427520751953,-21.4874267578125,-17.799999237060547,0.529,0,((.((((.(((....(((.....))).)).((((....))))).)))))),0,0,0,0,0,0.33299999999999996,0.07699999999999996,0,0
GGAGGCUGCGGAACGCAGUGAAACUGACCACUGGGCAACCAGGGGGCCCC,3.676450729370117,1,150,1870,3.676450729370117,-22.676450729370117,-19.0,0.529,0,((.((((.(((....(((.....))).)).((((....))))).)))))),0,0,0,0,0,0.33299999999999996,0.07699999999999996,0,0
GGAGGCUGCGGAACGCAGUGAAACUGACCACGUGGCAACGCGGGGGCCCC,3.687427520751953,1,150,1880,3.687427520751953,-21.4874267578125,-17.799999237060547,0.529,0,((.((((.(((....(((.....))).)).((((....))))).)))))),0,0,0,0,0,0.33299999999999996,0.07699999999999996,0,0
GGAGGCUGCGGAACGCAGUGAAACUGACCACUGGGCAACCAGGGGGCCCC,3.676450729370117,1,150,1890,3.676450729370117,-22.676450729370117,-19.0,0.529,0,((.((((.(((....(((.....))).)).((((....))))).)))))),0,0,0,0,0,0.33299999999999996,0.07699999999999996,0,0
GGAGGCUGCGGAACGCAGUGAAACUGACCACGUGGCAACGCGGGGGCCCC,3.687427520751953,1,150,1900,3.687427520751953,-21.4874267578125,-17.799999237060547,0.529,0,((.((((.(((....(((.....))).)).((((....))))).)))))),0,0,0,0,0,0.33299999999999996,0.07699999999999996,0,0
GGAGGCUGCGGAACGCAGUGAAACUGACCACUGGGCAACCAGGGGGCCCC,3.676450729370117,1,150,1910,3.676450729370117,-22.676450729370117,-19.0,0.529,0,((.((((.(((....(((.....))).)).((((....))))).)))))),0,0,0,0,0,0.33299999999999996,0.07699999999999996,0,0
GGAGGCUGCGGAACGCAGUGAAACUGACCACGUGGCAACGCGGGGGCCCC,3.687427520751953,1,150,1920,3.687427520751953,-21.4874267578125,-17.799999237060547,0.529,0,((.((((.(((....(((.....))).)).((((....))))).)))))),0,0,0,0,0,0.33299999999999996,0.07699999999999996,0,0
GGAGGCUGCGGAACGCAGUGAAACUGACCACUGGGCAACCAGGGGGCCCC,3.676450729370117,1,150,1930,3.676450729370117,-22.676450729370117,-19.0,0.529,0,((.((((.(((....(((.....))).)).((((....))))).)))))),0,0,0,0,0,0.33299999999999996,0.07699999999999996,0,0
GGAGGCUGCGGAACGCAGUGAAACUGACCACGUGGCAACGCGGGGGCCCC,3.687427520751953,1,150,1940,3.687427520751953,-21.4874267578125,-17.799999237060547,0.529,0,((.((((.(((....(((.....))).)).((((....))))).)))))),0,0,0,0,0,0.33299999999999996,0.07699999999999996,0,0
GGAGGCUGCGGAACGCAGUGAAACUGACCACUGGGCAACCAGGGGGCCCC,3.676450729370117,1,150,1950,3.676450729370117,-22.676450729370117,-19.0,0.529,0,((.((((.(((....(((.....))).)).((((....))))).)))))),0,0,0,0,0,0.33299999999999996,0.07699999999999996,0,0
GGAGGCUGCGGAACGCAGUGAAACUGACCACGUGGCAACGCGGGGGCCCC,3.687427520751953,1,150,1960,3.687427520751953,-21.4874267578125,-17.799999237060547,0.529,0,((.((((.(((....(((.....))).)).((((....))))).)))))),0,0,0,0,0,0.33299999999999996,0.07699999999999996,0,0
GGAGGCUGCGGAACGCAGUGAAACUGACCACUGGGCAACCAGGGGGCCCC,3.676450729370117,1,150,1970,3.676450729370117,-22.676450729370117,-19.0,0.529,0,((.((((.(((....(((.....))).)).((((....))))).)))))),0,0,0,0,0,0.33299999999999996,0.07699999999999996,0,0
GGAGGCUGCGGAACGCAGUGAAACUGACCACGUGGCAACGCGGGGGCCCC,3.687427520751953,1,150,1980,3.687427520751953,-21.4874267578125,-17.799999237060547,0.529,0,((.((((.(((....(((.....))).)).((((....))))).)))))),0,0,0,0,0,0.33299999999999996,0.07699999999999996,0,0
GGAGGCUGCGGAACGCAGUGAAACUGACCACUGGGCAACCAGGGGGCCCC,3.676450729370117,1,150,1990,3.676450729370117,-22.676450729370117,-19.0,0.529,0,((.((((.(((....(((.....))).)).((((....))))).)))))),0,0,0,0,0,0.33299999999999996,0.07699999999999996,0,0
GGAGGCUGCGGAACGCAGUGAAACUGACCACGUGGCAACGCGGGGGCCCC,3.687427520751953,1,150,2000,3.687427520751953,-21.4874267578125,-17.799999237060547,0.529,0,((.((((.(((....(((.....))).)).((((....))))).)))))),0,0,0,0,0,0.33299999999999996,0.07699999999999996,0,0
GGAGGCUGCGGAACGCAGUGAAACUGACCACUGGGCAACCAGGGGGCCCC,3.676450729370117,1,150,2010,3.676450729370117,-22.676450729370117,-19.0,0.529,0,((.((((.(((....(((.....))).)).((((....))))).)))))),0,0,0,0,0,0.33299999999999996,0.07699999999999996,0,0
GGAGGCUGCGGAACGCAGUGAAACUGACCACGUGGCAACGCGGGGGCCCC,3.687427520751953,1,150,2020,3.687427520751953,-21.4874267578125,-17.799999237060547,0.529,0,((.((((.(((....(((.....))).)).((((....))))).)))))),0,0,0,0,0,0.33299999999999996,0.07699999999999996,0,0
GGAGGCUGCGGAACGCAGUGAAACUGACCACUGGGCAACCAGGGGGCCCC,3.676450729370117,1,150,2030,3.676450729370117,-22.676450729370117,-19.0,0.529,0,((.((((.(((....(((.....))).)).((((....))))).)))))),0,0,0,0,0,0.33299999999999996,0.07699999999999996,0,0
GGAGGCUGCGGAACGCAGUGAAACUGACCACGUGGCAACGCGGGGGCCCC,3.687427520751953,1,150,2040,3.687427520751953,-21.4874267578125,-17.799999237060547,0.529,0,((.((((.(((....(((.....))).)).((((....))))).)))))),0,0,0,0,0,0.33299999999999996,0.07699999999999996,0,0
GGAGGCUGCGGAACGCAGUGAAACUGACCACUGGGCAACCAGGGGGCCCC,3.676450729370117,1,150,2050,3.676450729370117,-22.676450729370117,-19.0,0.529,0,((.((((.(((....(((.....))).)).((((....))))).)))))),0,0,0,0,0,0.33299999999999996,0.07699999999999996,0,0
GGAGGCUGCGGAACGCAGUGAAACUGACCACGUGGCAACGCGGGGGCCCC,3.687427520751953,1,150,2060,3.687427520751953,-21.4874267578125,-17.799999237060547,0.529,0,((.((((.(((....(((.....))).)).((((....))))).)))))),0,0,0,0,0,0.33299999999999996,0.07699999999999996,0,0
GGAGGCUGCGGAACGCAGUGAAACUGACCACUGGGCAACCAGGGGGCCCC,3.676450729370117,1,150,2070,3.676450729370117,-22.676450729370117,-19.0,0.529,0,((.((((.(((....(((.....))).)).((((....))))).)))))),0,0,0,0,0,0.33299999999999996,0.07699999999999996,0,0
GGAGGCUGCGGAACGCAGUGAAACUGACCACGUGGCAACGCGGGGGCCCC,3.687427520751953,1,150,2080,3.687427520751953,-21.4874267578125,-17.799999237060547,0.529,0,((.((((.(((....(((.....))).)).((((....))))).)))))),0,0,0,0,0,0.33299999999999996,0.07699999999999996,0,0
GGAGGCUGCGGAACGCAGUGAAACUGACCACUGGGCAACCAGGGGGCCCC,3.676450729370117,1,150,2090,3.676450729370117,-22.676450729370117,-19.0,0.529,0,((.((((.(((....(((.....))).)).((((....))))).)))))),0,0,0,0,0,0.33299999999999996,0.07699999999999996,0,0
GGAGGCUGCGGAACGCAGUGAAACUGACCACGUGGCAACGCGGGGGCCCC,3.687427520751953,1,150,2100,3.687427520751953,-21.4874267578125,-17.799999237060547,0.529,0,((.((((.(((....(((.....))).)).((((....))))).)))))),0,0,0,0,0,0.33299999999999996,0.07699999999999996,0,0
GGAGGCUGCGGAACGCAGUGAAACUGACCACUGGGCAACCAGGGGGCCCC,3.676450729370117,1,150,2110,3.676450729370117,-22.676450729370117,-19.0,0.529,0,((.((((.(((....(((.....))).)).((((....))))).)))))),0,0,0,0,0,0.33299999999999996,0.07699999999999996,0,0
GGAGGCUGCGGAACGCAGUGAAACUGACCACGUGGCAACGCGGGGGCCCC,3.687427520751953,1,150,2120,3.687427520751953,-21.4874267578125,-17.799999237060547,0.529,0,((.((((.(((....(((.....))).)).((((....))))).)))))),0,0,0,0,0,0.33299999999999996,0.07699999999999996,0,0
GGAGGCUGCGGAACGCAGUGAAACUGACCACUGGGCAACCAGGGGGCCCC,3.676450729370117,1,150,2130,3.676450729370117,-22.676450729370117,-19.0,0.529,0,((.((((.(((....(((.....))).)).((((....))))).)))))),0,0,0,0,0,0.33299999999999996,0.07699999999999996,0,0
GGAGGCUGCGGAACGCAGUGAAACUGACCACGUGGCAACGCGGGGGCCCC,3.687427520751953,1,150,2140,3.687427520751953,-21.4874267578125,-17.799999237060547,0.529,0,((.((((.(((....(((.....))).)).((((....))))).)))))),0,0,0,0,0,0.33299999999999996,0.07699999999999996,0,0
GGAGGCUGCGGAACGCAGUGAAACUGACCACUGGGCAACCAGGGGGCCCC,3.676450729370117,1,150,2150,3.676450729370117,-22.676450729370117,-19.0,0.529,0,((.((((.(((....(((.....))).)).((((....))))).)))))),0,0,0,0,0,0.33299999999999996,0.07699999999999996,0,0
GGAGGCUGCGGAACGCAGUGAAACUGACCACGUGGCAACGCGGGGGCCCC,3.687427520751953,1,150,2160,3.687427520751953,-21.4874267578125,-17.799999237060547,0.529,0,((.((((.(((....(((.....))).)).((((....))))).)))))),0,0,0,0,0,0.33299999999999996,0.07699999999999996,0,0
GGAGGCUGCGGAACGCAGUGAAACUGACCACUGGGCAACCAGGGGGCCCC,3.676450729370117,1,150,2170,3.676450729370117,-22.676450729370117,-19.0,0.529,0,((.((((.(((....(((.....))).)).((((....))))).)))))),0,0,0,0,0,0.33299999999999996,0.07699999999999996,0,0
GGAGGCUGCGGAACGCAGUGAAACUGACCACGUGGCAACGCGGGGGCCCC,3.687427520751953,1,150,2180,3.687427520751953,-21.4874267578125,-17.799999237060547,0.529,0,((.((((.(((....(((.....))).)).((((....))))).)))))),0,0,0,0,0,0.33299999999999996,0.07699999999999996,0,0
GGAGGCUGCGGAACGCAGUGAAACUGACCACUGGGCAACCAGGGGGCCCC,3.676450729370117,1,150,2190,3.676450729370117,-22.676450729370117,-19.0,0.529,0,((.((((.(((....(((.....))).)).((((....))))).)))))),0,0,0,0,0,0.33299999999999996,0.07699999999999996,0,0
GGAGGCUGCGGAACGCAGUGAAACUGACCACGUGGCAACGCGGGGGCCCC,3.687427520751953,1,150,2200,3.687427520751953,-21.4874267578125,-17.799999237060547,0.529,0,((.((((.(((....(((.....))).)).((((....))))).)))))),0,0,0,0,0,0.33299999999999996,0.07699999999999996,0,0
GGAGGCUGCGGAACGCAGUGAAACUGACCACUGGGCAACCAGGGGGCCCC,3.676450729370117,1,150,2210,3.676450729370117,-22.676450729370117,-19.0,0.529,0,((.((((.(((....(((.....))).)).((((....))))).)))))),0,0,0,0,0,0.33299999999999996,0.07699999999999996,0,0
GGAGGCUGCGGAACGCAGUGAAACUGACCACGUGGCAACGCGGGGGCCCC,3.687427520751953,1,150,2220,3.687427520751953,-21.4874267578125,-17.799999237060547,0.529,0,((.((((.(((....(((.....))).)).((((....))))).)))))),0,0,0,0,0,0.33299999999999996,0.07699999999999996,0,0
GGAGGCUGCGGAACGCAGUGAAACUGACCACUGGGCAACCAGGGGGCCCC,3.676450729370117,1,150,2230,3.676450729370117,-22.676450729370117,-19.0,0.529,0,((.((((.(((....(((.....))).)).((((....))))).)))))),0,0,0,0,0,0.33299999999999996,0.07699999999999996,0,0
GGAGGCUGCGGAACGCAGUGAAACUGACCACGUGGCAACGCGGGGGCCCC,3.687427520751953,1,150,2240,3.687427520751953,-21.4874267578125,-17.799999237060547,0.529,0,((.((((.(((....(((.....))).)).((((....))))).)))))),0,0,0,0,0,0.33299999999999996,0.07699999999999996,0,0
GGAGGCUGCGGAACGCAGUGAAACUGACCACUGGGCAACCAGGGGGCCCC,3.676450729370117,1,150,2250,3.676450729370117,-22.676450729370117,-19.0,0.529,0,((.((((.(((....(((.....))).)).((((....))))).)))))),0,0,0,0,0,0.33299999999999996,0.07699999999999996,0,0
GGAGGCUGCGGAACGCAGUGAAACUGACCACGUGGCAACGCGGGGGCCCC,3.687427520751953,1,150,2260,3.687427520751953,-21.4874267578125,-17.799999237060547,0.529,0,((.((((.(((....(((.....))).)).((((....))))).)))))),0,0,0,0,0,0.33299999999999996,0.07699999999999996,0,0
GGAGGCUGCGGAACGCAGUGAAACUGACCACUGGGCAACCAGGGGGCCCC,3.676450729370117,1,150,2270,3.676450729370117,-22.676450729370117,-19.0,0.529,0,((.((((.(((....(((.....))).)).((((....))))).)))))),0,0,0,0,0,0.33299999999999996,0.07699999999999996,0,0
GGAGGCUGCGGAACGCAGUGAAACUGACCACGUGGCAACGCGGGGGCCCC,3.687427520751953,1,150,2280,3.687427520751953,-21.4874267578125,-17.799999237060547,0.529,0,((.((((.(((....(((.....))).)).((((....))))).)))))),0,0,0,0,0,0.33299999999999996,0.07699999999999996,0,0
GGAGGCUGCGGAACGCAGUGAAACUGACCACUGGGCAACCAGGGGGCCCC,3.676450729370117,1,150,2290,3.676450729370117,-22.676450729370117,-19.0,0.529,0,((.((((.(((....(((.....))).)).((((....))))).)))))),0,0,0,0,0,0.33299999999999996,0.07699999999999996,0,0
GGAGGCUGCGGAACGCAGUGAAACUGACCACGUGGCAACGCGGGGGCCCC,3.687427520751953,1,150,2300,3.687427520751953,-21.4874267578125,-17.799999237060547,0.529,0,((.((((.(((....(((.....))).)).((((....))))).)))))),0,0,0,0,0,0.33299999999999996,0.07699999999999996,0,0
GGAGGCUGCGGAACGCAGUGAAACUGACCACUGGGCAACCAGGGGGCCCC,3.676450729370117,1,150,2310,3.676450729370117,-22.676450729370117,-19.0,0.529,0,((.((((.(((....(((.....))).)).((((....))))).)))))),0,0,0,0,0,0.33299999999999996,0.07699999999999996,0,0
GGAGGCUGCGGAACGCAGUGAAACUGACCACGUGGCAACGCGGGGGCCCC,3.687427520751953,1,150,2320,3.687427520751953,-21.4874267578125,-17.799999237060547,0.529,0,((.((((.(((....(((.....))).)).((((....))))).)))))),0,0,0,0,0,0.33299999999999996,0.07699999999999996,0,0
GGAGGCUGCGGAACGCAGUGAAACUGACCACUGGGCAACCAGGGGGCCCC,3.676450729370117,1,150,2330,3.676450729370117,-22.676450729370117,-19.0,0.529,0,((.((((.(((....(((.....))).)).((((....))))).)))))),0,0,0,0,0,0.33299999999999996,0.07699999999999996,0,0
GGAGGCUGCGGAACGCAGUGAAACUGACCACGUGGCAACGCGGGGGCCCC,3.687427520751953,1,150,2340,3.687427520751953,-21.4874267578125,-17.799999237060547,0.529,0,((.((((.(((....(((.....))).)).((((....))))).)))))),0,0,0,0,0,0.33299999999999996,0.07699999999999996,0,0
GGAGGCUGCGGAACGCAGUGAAACUGACCACUGGGCAACCAGGGGGCCCC,3.676450729370117,1,150,2350,3.676450729370117,-22.676450729370117,-19.0,0.529,0,((.((((.(((....(((.....))).)).((((....))))).)))))),0,0,0,0,0,0.33299999999999996,0.07699999999999996,0,0
GGAGGCUGCGGAACGCAGUGAAACUGACCACGUGGCAACGCGGGGGCCCC,3.687427520751953,1,150,2360,3.687427520751953,-21.4874267578125,-17.799999237060547,0.529,0,((.((((.(((....(((.....))).)).((((....))))).)))))),0,0,0,0,0,0.33299999999999996,0.07699999999999996,0,0
GGAGGCUGCGGAACGCAGUGAAACUGACCACUGGGCAACCAGGGGGCCCC,3.676450729370117,1,150,2370,3.676450729370117,-22.676450729370117,-19.0,0.529,0,((.((((.(((....(((.....))).)).((((....))))).)))))),0,0,0,0,0,0.33299999999999996,0.07699999999999996,0,0
GGAGGCUGCGGAACGCAGUGAAACUGACCACGUGGCAACGCGGGGGCCCC,3.687427520751953,1,150,2380,3.687427520751953,-21.4874267578125,-17.799999237060547,0.529,0,((.((((.(((....(((.....))).)).((((....))))).)))))),0,0,0,0,0,0.33299999999999996,0.07699999999999996,0,0
GGAGGCUGCGGAACGCAGUGAAACUGACCACUGGGCAACCAGGGGGCCCC,3.676450729370117,1,150,2390,3.676450729370117,-22.676450729370117,-19.0,0.529,0,((.((((.(((....(((.....))).)).((((....))))).)))))),0,0,0,0,0,0.33299999999999996,0.07699999999999996,0,0
GGAGGCUGCGGAACGCAGUGAAACUGACCACGUGGCAACGCGGGGGCCCC,3.687427520751953,1,150,2400,3.687427520751953,-21.4874267578125,-17.799999237060547,0.529,0,((.((((.(((....(((.....))).)).((((....))))).)))))),0,0,0,0,0,0.33299999999999996,0.07699999999999996,0,0
GGAGGCUGCGGAACGCAGUGAAACUGACCACUGGGCAACCAGGGGGCCCC,3.676450729370117,1,150,2410,3.676450729370117,-22.676450729370117,-19.0,0.529,0,((.((((.(((....(((.....))).)).((((....))))).)))))),0,0,0,0,0,0.33299999999999996,0.07699999999999996,0,0
GGAGGCUGCGGAACGCAGUGAAACUGACCACGUGGCAACGCGGGGGCCCC,3.687427520751953,1,150,2420,3.687427520751953,-21.4874267578125,-17.799999237060547,0.529,0,((.((((.(((....(((.....))).)).((((....))))).)))))),0,0,0,0,0,0.33299999999999996,0.07699999999999996,0,0
GGAGGCUGCGGAACGCAGUGAAACUGACCACUGGGCAACCAGGGGGCCCC,3.676450729370117,1,150,2430,3.676450729370117,-22.676450729370117,-19.0,0.529,0,((.((((.(((....(((.....))).)).((((....))))).)))))),0,0,0,0,0,0.33299999999999996,0.07699999999999996,0,0
GGAGGCUGCGGAACGCAGUGAAACUGACCACGUGGCAACGCGGGGGCCCC,3.687427520751953,1,150,2440,3.687427520751953,-21.4874267578125,-17.799999237060547,0.529,0,((.((((.(((....(((.....))).)).((((....))))).)))))),0,0,0,0,0,0.33299999999999996,0.07699999999999996,0,0
GGAGGCUGCGGAACGCAGUGAAACUGACCACUGGGCAACCAGGGGGCCCC,3.676450729370117,1,150,2450,3.676450729370117,-22.676450729370117,-19.0,0.529,0,((.((((.(((....(((.....))).)).((((....))))).)))))),0,0,0,0,0,0.33299999999999996,0.07699999999999996,0,0
GGAGGCUGCGGAACGCAGUGAAACUGACCACGUGGCAACGCGGGGGCCCC,3.687427520751953,1,150,2460,3.687427520751953,-21.4874267578125,-17.799999237060547,0.529,0,((.((((.(((....(((.....))).)).((((....))))).)))))),0,0,0,0,0,0.33299999999999996,0.07699999999999996,0,0
GGAGGCUGCGGAACGCAGUGAAACUGACCACUGGGCAACCAGGGGGCCCC,3.676450729370117,1,150,2470,3.676450729370117,-22.676450729370117,-19.0,0.529,0,((.((((.(((....(((.....))).)).((((....))))).)))))),0,0,0,0,0,0.33299999999999996,0.07699999999999996,0,0
GGAGGCUGCGGAACGCAGUGAAACUGACCACGUGGCAACGCGGGGGCCCC,3.687427520751953,1,150,2480,3.687427520751953,-21.4874267578125,-17.799999237060547,0.529,0,((.((((.(((....(((.....))).)).((((....))))).)))))),0,0,0,0,0,0.33299999999999996,0.07699999999999996,0,0
GGAGGCUGCGGAACGCAGUGAAACUGACCACUGGGCAACCAGGGGGCCCC,3.676450729370117,1,150,2490,3.676450729370117,-22.676450729370117,-19.0,0.529,0,((.((((.(((....(((.....))).)).((((....))))).)))))),0,0,0,0,0,0.33299999999999996,0.07699999999999996,0,0
GGAGGCUGCGGAACGCAGUGAAACUGACCACGUGGCAACGCGGGGGCCCC,3.687427520751953,1,150,2500,3.687427520751953,-21.4874267578125,-17.799999237060547,0.529,0,((.((((.(((....(((.....))).)).((((....))))).)))))),0,0,0,0,0,0.33299999999999996,0.07699999999999996,0,0
GGAGGCUGCGGAACGCAGUGAAACUGACCACUGGGCAACCAGGGGGCCCC,3.676450729370117,1,150,2510,3.676450729370117,-22.676450729370117,-19.0,0.529,0,((.((((.(((....(((.....))).)).((((....))))).)))))),0,0,0,0,0,0.33299999999999996,0.07699999999999996,0,0
GGAGGCUGCGGAACGCAGUGAAACUGACCACGUGGCAACGCGGGGGCCCC,3.687427520751953,1,150,2520,3.687427520751953,-21.4874267578125,-17.799999237060547,0.529,0,((.((((.(((....(((.....))).)).((((....))))).)))))),0,0,0,0,0,0.33299999999999996,0.07699999999999996,0,0
GGAGGCUGCGGAACGCAGUGAAACUGACCACUGGGCAACCAGGGGGCCCC,3.676450729370117,1,150,2530,3.676450729370117,-22.676450729370117,-19.0,0.529,0,((.((((.(((....(((.....))).)).((((....))))).)))))),0,0,0,0,0,0.33299999999999996,0.07699999999999996,0,0
GGAGGCUGCGGAACGCAGUGAAACUGACCACGUGGCAACGCGGGGGCCCC,3.687427520751953,1,150,2540,3.687427520751953,-21.4874267578125,-17.799999237060547,0.529,0,((.((((.(((....(((.....))).)).((((....))))).)))))),0,0,0,0,0,0.33299999999999996,0.07699999999999996,0,0
GGAGGCUGCGGAACGCAGUGAAACUGACCACUGGGCAACCAGGGGGCCCC,3.676450729370117,1,150,2550,3.676450729370117,-22.676450729370117,-19.0,0.529,0,((.((((.(((....(((.....))).)).((((....))))).)))))),0,0,0,0,0,0.33299999999999996,0.07699999999999996,0,0
GGAGGCUGCGGAACGCAGUGAAACUGACCACGUGGCAACGCGGGGGCCCC,3.687427520751953,1,150,2560,3.687427520751953,-21.4874267578125,-17.799999237060547,0.529,0,((.((((.(((....(((.....))).)).((((....))))).)))))),0,0,0,0,0,0.33299999999999996,0.07699999999999996,0,0
GGAGGCUGCGGAACGCAGUGAAACUGACCACUGGGCAACCAGGGGGCCCC,3.676450729370117,1,150,2570,3.676450729370117,-22.676450729370117,-19.0,0.529,0,((.((((.(((....(((.....))).)).((((....))))).)))))),0,0,0,0,0,0.33299999999999996,0.07699999999999996,0,0
GGAGGCUGCGGAACGCAGUGAAACUGACCACGUGGCAACGCGGGGGCCCC,3.687427520751953,1,150,2580,3.687427520751953,-21.4874267578125,-17.799999237060547,0.529,0,((.((((.(((....(((.....))).)).((((....))))).)))))),0,0,0,0,0,0.33299999999999996,0.07699999999999996,0,0
GGAGGCUGCGGAACGCAGUGAAACUGACCACUGGGCAACCAGGGGGCCCC,3.676450729370117,1,150,2590,3.676450729370117,-22.676450729370117,-19.0,0.529,0,((.((((.(((....(((.....))).)).((((....))))).)))))),0,0,0,0,0,0.33299999999999996,0.07699999999999996,0,0
GGAGGCUGCGGAACGCAGUGAAACUGACCACGUGGCAACGCGGGGGCCCC,3.687427520751953,1,150,2600,3.687427520751953,-21.4874267578125,-17.799999237060547,0.529,0,((.((((.(((....(((.....))).)).((((....))))).)))))),0,0,0,0,0,0.33299999999999996,0.07699999999999996,0,0
GGAGGCUGCGGAACGCAGUGAAACUGACCACUGGGCAACCAGGGGGCCCC,3.676450729370117,1,150,2610,3.676450729370117,-22.676450729370117,-19.0,0.529,0,((.((((.(((....(((.....))).)).((((....))))).)))))),0,0,0,0,0,0.33299999999999996,0.07699999999999996,0,0
GGAGGCUGCGGAACGCAGUGAAACUGACCACGUGGCAACGCGGGGGCCCC,3.687427520751953,1,150,2620,3.687427520751953,-21.4874267578125,-17.799999237060547,0.529,0,((.((((.(((....(((.....))).)).((((....))))).)))))),0,0,0,0,0,0.33299999999999996,0.07699999999999996,0,0
GGAGGCUGCGGAACGCAGUGAAACUGACCACUGGGCAACCAGGGGGCCCC,3.676450729370117,1,150,2630,3.676450729370117,-22.676450729370117,-19.0,0.529,0,((.((((.(((....(((.....))).)).((((....))))).)))))),0,0,0,0,0,0.33299999999999996,0.07699999999999996,0,0
GGAGGCUGCGGAACGCAGUGAAACUGACCACGUGGCAACGCGGGGGCCCC,3.687427520751953,1,150,2640,3.687427520751953,-21.4874267578125,-17.799999237060547,0.529,0,((.((((.(((....(((.....))).)).((((....))))).)))))),0,0,0,0,0,0.33299999999999996,0.07699999999999996,0,0
GGAGGCUGCGGAACGCAGUGAAACUGACCACUGGGCAACCAGGGGGCCCC,3.676450729370117,1,150,2650,3.676450729370117,-22.676450729370117,-19.0,0.529,0,((.((((.(((....(((.....))).)).((((....))))).)))))),0,0,0,0,0,0.33299999999999996,0.07699999999999996,0,0
GGAGGCUGCGGAACGCAGUGAAACUGACCACGUGGCAACGCGGGGGCCCC,3.687427520751953,1,150,2660,3.687427520751953,-21.4874267578125,-17.799999237060547,0.529,0,((.((((.(((....(((.....))).)).((((....))))).)))))),0,0,0,0,0,0.33299999999999996,0.07699999999999996,0,0
GGAGGCUGCGGAACGCAGUGAAACUGACCACUGGGCAACCAGGGGGCCCC,3.676450729370117,1,150,2670,3.676450729370117,-22.676450729370117,-19.0,0.529,0,((.((((.(((....(((.....))).)).((((....))))).)))))),0,0,0,0,0,0.33299999999999996,0.07699999999999996,0,0
GGAGGCUGCGGAACGCAGUGAAACUGACCACGUGGCAACGCGGGGGCCCC,3.687427520751953,1,150,2680,3.687427520751953,-21.4874267578125,-17.799999237060547,0.529,0,((.((((.(((....(((.....))).)).((((....))))).)))))),0,0,0,0,0,0.33299999999999996,0.07699999999999996,0,0
GGAGGCUGCGGAACGCAGUGAAACUGACCACUGGGCAACCAGGGGGCCCC,3.676450729370117,1,150,2690,3.676450729370117,-22.676450729370117,-19.0,0.529,0,((.((((.(((....(((.....))).)).((((....))))).)))))),0,0,0,0,0,0.33299999999999996,0.07699999999999996,0,0
GGAGGCUGCGGAACGCAGUGAAACUGACCACGUGGCAACGCGGGGGCCCC,3.687427520751953,1,150,2700,3.687427520751953,-21.4874267578125,-17.799999237060547,0.529,0,((.((((.(((....(((.....))).)).((((....))))).)))))),0,0,0,0,0,0.33299999999999996,0.07699999999999996,0,0
GGAGGCUGCGGAACGCAGUGAAACUGACCACUGGGCAACCAGGGGGCCCC,3.676450729370117,1,150,2710,3.676450729370117,-22.676450729370117,-19.0,0.529,0,((.((((.(((....(((.....))).)).((((....))))).)))))),0,0,0,0,0,0.33299999999999996,0.07699999999999996,0,0
GGAGGCUGCGGAACGCAGUGAAACUGACCACGUGGCAACGCGGGGGCCCC,3.687427520751953,1,150,2720,3.687427520751953,-21.4874267578125,-17.799999237060547,0.529,0,((.((((.(((....(((.....))).)).((((....))))).)))))),0,0,0,0,0,0.33299999999999996,0.07699999999999996,0,0
GGAGGCUGCGGAACGCAGUGAAACUGACCACUGGGCAACCAGGGGGCCCC,3.676450729370117,1,150,2730,3.676450729370117,-22.676450729370117,-19.0,0.529,0,((.((((.(((....(((.....))).)).((((....))))).)))))),0,0,0,0,0,0.33299999999999996,0.07699999999999996,0,0
GGAGGCUGCGGAACGCAGUGAAACUGACCACGUGGCAACGCGGGGGCCCC,3.687427520751953,1,150,2740,3.687427520751953,-21.4874267578125,-17.799999237060547,0.529,0,((.((((.(((....(((.....))).)).((((....))))).)))))),0,0,0,0,0,0.33299999999999996,0.07699999999999996,0,0
GGAGGCUGCGGAACGCAGUGAAACUGACCACUGGGCAACCAGGGGGCCCC,3.676450729370117,1,150,2750,3.676450729370117,-22.676450729370117,-19.0,0.529,0,((.((((.(((....(((.....))).)).((((....))))).)))))),0,0,0,0,0,0.33299999999999996,0.07699999999999996,0,0
GGAGGCUGCGGAACGCAGUGAAACUGACCACGUGGCAACGCGGGGGCCCC,3.687427520751953,1,150,2760,3.687427520751953,-21.4874267578125,-17.799999237060547,0.529,0,((.((((.(((....(((.....))).)).((((....))))).)))))),0,0,0,0,0,0.33299999999999996,0.07699999999999996,0,0
GGAGGCUGCGGAACGCAGUGAAACUGACCACUGGGCAACCAGGGGGCCCC,3.676450729370117,1,150,2770,3.676450729370117,-22.676450729370117,-19.0,0.529,0,((.((((.(((....(((.....))).)).((((....))))).)))))),0,0,0,0,0,0.33299999999999996,0.07699999999999996,0,0
GGAGGCUGCGGAACGCAGUGAAACUGACCACGUGGCAACGCGGGGGCCCC,3.687427520751953,1,150,2780,3.687427520751953,-21.4874267578125,-17.799999237060547,0.529,0,((.((((.(((....(((.....))).)).((((....))))).)))))),0,0,0,0,0,0.33299999999999996,0.07699999999999996,0,0
GGAGGCUGCGGAACGCAGUGAAACUGACCACUGGGCAACCAGGGGGCCCC,3.676450729370117,1,150,2790,3.676450729370117,-22.676450729370117,-19.0,0.529,0,((.((((.(((....(((.....))).)).((((....))))).)))))),0,0,0,0,0,0.33299999999999996,0.07699999999999996,0,0
GGAGGCUGCGGAACGCAGUGAAACUGACCACGUGGCAACGCGGGGGCCCC,3.687427520751953,1,150,2800,3.687427520751953,-21.4874267578125,-17.799999237060547,0.529,0,((.((((.(((....(((.....))).)).((((....))))).)))))),0,0,0,0,0,0.33299999999999996,0.07699999999999996,0,0
GGAGGCUGCGGAACGCAGUGAAACUGACCACUGGGCAACCAGGGGGCCCC,3.676450729370117,1,150,2810,3.676450729370117,-22.676450729370117,-19.0,0.529,0,((.((((.(((....(((.....))).)).((((....))))).)))))),0,0,0,0,0,0.33299999999999996,0.07699999999999996,0,0
GGAGGCUGCGGAACGCAGUGAAACUGACCACGUGGCAACGCGGGGGCCCC,3.687427520751953,1,150,2820,3.687427520751953,-21.4874267578125,-17.799999237060547,0.529,0,((.((((.(((....(((.....))).)).((((....))))).)))))),0,0,0,0,0,0.33299999999999996,0.07699999999999996,0,0
GGAGGCUGCGGAACGCAGUGAAACUGACCACUGGGCAACCAGGGGGCCCC,3.676450729370117,1,150,2830,3.676450729370117,-22.676450729370117,-19.0,0.529,0,((.((((.(((....(((.....))).)).((((....))))).)))))),0,0,0,0,0,0.33299999999999996,0.07699999999999996,0,0
GGAGGCUGCGGAACGCAGUGAAACUGACCACGUGGCAACGCGGGGGCCCC,3.687427520751953,1,150,2840,3.687427520751953,-21.4874267578125,-17.799999237060547,0.529,0,((.((((.(((....(((.....))).)).((((....))))).)))))),0,0,0,0,0,0.33299999999999996,0.07699999999999996,0,0
GGAGGCUGCGGAACGCAGUGAAACUGACCACUGGGCAACCAGGGGGCCCC,3.676450729370117,1,150,2850,3.676450729370117,-22.676450729370117,-19.0,0.529,0,((.((((.(((....(((.....))).)).((((....))))).)))))),0,0,0,0,0,0.33299999999999996,0.07699999999999996,0,0
GGAGGCUGCGGAACGCAGUGAAACUGACCACGUGGCAACGCGGGGGCCCC,3.687427520751953,1,150,2860,3.687427520751953,-21.4874267578125,-17.799999237060547,0.529,0,((.((((.(((....(((.....))).)).((((....))))).)))))),0,0,0,0,0,0.33299999999999996,0.07699999999999996,0,0
GGAGGCUGCGGAACGCAGUGAAACUGACCACUGGGCAACCAGGGGGCCCC,3.676450729370117,1,150,2870,3.676450729370117,-22.676450729370117,-19.0,0.529,0,((.((((.(((....(((.....))).)).((((....))))).)))))),0,0,0,0,0,0.33299999999999996,0.07699999999999996,0,0
GGAGGCUGCGGAACGCAGUGAAACUGACCACGUGGCAACGCGGGGGCCCC,3.687427520751953,1,150,2880,3.687427520751953,-21.4874267578125,-17.799999237060547,0.529,0,((.((((.(((....(((.....))).)).((((....))))).)))))),0,0,0,0,0,0.33299999999999996,0.07699999999999996,0,0
GGAGGCUGCGGAACGCAGUGAAACUGACCACUGGGCAACCAGGGGGCCCC,3.676450729370117,1,150,2890,3.676450729370117,-22.676450729370117,-19.0,0.529,0,((.((((.(((....(((.....))).)).((((....))))).)))))),0,0,0,0,0,0.33299999999999996,0.07699999999999996,0,0
GGAGGCUGCGGAACGCAGUGAAACUGACCACGUGGCAACGCGGGGGCCCC,3.687427520751953,1,150,2900,3.687427520751953,-21.4874267578125,-17.799999237060547,0.529,0,((.((((.(((....(((.....))).)).((((....))))).)))))),0,0,0,0,0,0.33299999999999996,0.07699999999999996,0,0
GGAGGCUGCGGAACGCAGUGAAACUGACCACUGGGCAACCAGGGGGCCCC,3.676450729370117,1,150,2910,3.676450729370117,-22.676450729370117,-19.0,0.529,0,((.((((.(((....(((.....))).)).((((....))))).)))))),0,0,0,0,0,0.33299999999999996,0.07699999999999996,0,0
GGAGGCUGCGGAACGCAGUGAAACUGACCACGUGGCAACGCGGGGGCCCC,3.687427520751953,1,150,2920,3.687427520751953,-21.4874267578125,-17.799999237060547,0.529,0,((.((((.(((....(((.....))).)).((((....))))).)))))),0,0,0,0,0,0.33299999999999996,0.07699999999999996,0,0
GGAGGCUGCGGAACGCAGUGAAACUGACCACUGGGCAACCAGGGGGCCCC,3.676450729370117,1,150,2930,3.676450729370117,-22.676450729370117,-19.0,0.529,0,((.((((.(((....(((.....))).)).((((....))))).)))))),0,0,0,0,0,0.33299999999999996,0.07699999999999996,0,0
GGAGGCUGCGGAACGCAGUGAAACUGACCACGUGGCAACGCGGGGGCCCC,3.687427520751953,1,150,2940,3.687427520751953,-21.4874267578125,-17.799999237060547,0.529,0,((.((((.(((....(((.....))).)).((((....))))).)))))),0,0,0,0,0,0.33299999999999996,0.07699999999999996,0,0
GGAGGCUGCGGAACGCAGUGAAACUGACCACUGGGCAACCAGGGGGCCCC,3.676450729370117,1,150,2950,3.676450729370117,-22.676450729370117,-19.0,0.529,0,((.((((.(((....(((.....))).)).((((....))))).)))))),0,0,0,0,0,0.33299999999999996,0.07699999999999996,0,0
GGAGGCUGCGGAACGCAGUGAAACUGACCACGUGGCAACGCGGGGGCCCC,3.687427520751953,1,150,2960,3.687427520751953,-21.4874267578125,-17.799999237060547,0.529,0,((.((((.(((....(((.....))).)).((((....))))).)))))),0,0,0,0,0,0.33299999999999996,0.07699999999999996,0,0
GGAGGCUGCGGAACGCAGUGAAACUGACCACUGGGCAACCAGGGGGCCCC,3.676450729370117,1,150,2970,3.676450729370117,-22.676450729370117,-19.0,0.529,0,((.((((.(((....(((.....))).)).((((....))))).)))))),0,0,0,0,0,0.33299999999999996,0.07699999999999996,0,0
GGAGGCUGCGGAACGCAGUGAAACUGACCACGUGGCAACGCGGGGGCCCC,3.687427520751953,1,150,2980,3.687427520751953,-21.4874267578125,-17.799999237060547,0.529,0,((.((((.(((....(((.....))).)).((((....))))).)))))),0,0,0,0,0,0.33299999999999996,0.07699999999999996,0,0
GGAGGCUGCGGAACGCAGUGAAACUGACCACUGGGCAACCAGGGGGCCCC,3.676450729370117,1,150,2990,3.676450729370117,-22.676450729370117,-19.0,0.529,0,((.((((.(((....(((.....))).)).((((....))))).)))))),0,0,0,0,0,0.33299999999999996,0.07699999999999996,0,0
GGAGGCUGCGGAACGCAGUGAAACUGACCACGUGGCAACGCGGGGGCCCC,3.687427520751953,1,150,3000,3.687427520751953,-21.4874267578125,-17.799999237060547,0.529,0,((.((((.(((....(((.....))).)).((((....))))).)))))),0,0,0,0,0,0.33299999999999996,0.07699999999999996,0,0
GGAGGCUGCGGAACGCAGUGAAACUGACCACUGGGCAACCAGGGGGCCCC,3.676450729370117,1,150,3010,3.676450729370117,-22.676450729370117,-19.0,0.529,0,((.((((.(((....(((.....))).)).((((....))))).)))))),0,0,0,0,0,0.33299999999999996,0.07699999999999996,0,0
GGAGGCUGCGGAACGCAGUGAAACUGACCACGUGGCAACGCGGGGGCCCC,3.687427520751953,1,150,3020,3.687427520751953,-21.4874267578125,-17.799999237060547,0.529,0,((.((((.(((....(((.....))).)).((((....))))).)))))),0,0,0,0,0,0.33299999999999996,0.07699999999999996,0,0
GGAGGCUGCGGAACGCAGUGAAACUGACCACUGGGCAACCAGGGGGCCCC,3.676450729370117,1,150,3030,3.676450729370117,-22.676450729370117,-19.0,0.529,0,((.((((.(((....(((.....))).)).((((....))))).)))))),0,0,0,0,0,0.33299999999999996,0.07699999999999996,0,0
GGAGGCUGCGGAACGCAGUGAAACUGACCACGUGGCAACGCGGGGGCCCC,3.687427520751953,1,150,3040,3.687427520751953,-21.4874267578125,-17.799999237060547,0.529,0,((.((((.(((....(((.....))).)).((((....))))).)))))),0,0,0,0,0,0.33299999999999996,0.07699999999999996,0,0
GGAGGCUGCGGAACGCAGUGAAACUGACCACUGGGCAACCAGGGGGCCCC,3.676450729370117,1,150,3050,3.676450729370117,-22.676450729370117,-19.0,0.529,0,((.((((.(((....(((.....))).)).((((....))))).)))))),0,0,0,0,0,0.33299999999999996,0.07699999999999996,0,0
GGAGGCUGCGGAACGCAGUGAAACUGACCACGUGGCAACGCGGGGGCCCC,3.687427520751953,1,150,3060,3.687427520751953,-21.4874267578125,-17.799999237060547,0.529,0,((.((((.(((....(((.....))).)).((((....))))).)))))),0,0,0,0,0,0.33299999999999996,0.07699999999999996,0,0
GGAGGCUGCGGAACGCAGUGAAACUGACCACUGGGCAACCAGGGGGCCCC,3.676450729370117,1,150,3070,3.676450729370117,-22.676450729370117,-19.0,0.529,0,((.((((.(((....(((.....))).)).((((....))))).)))))),0,0,0,0,0,0.33299999999999996,0.07699999999999996,0,0
GGAGGCUGCGGAACGCAGUGAAACUGACCACGUGGCAACGCGGGGGCCCC,3.687427520751953,1,150,3080,3.687427520751953,-21.4874267578125,-17.799999237060547,0.529,0,((.((((.(((....(((.....))).)).((((....))))).)))))),0,0,0,0,0,0.33299999999999996,0.07699999999999996,0,0
GGAGGCUGCGGAACGCAGUGAAACUGACCACUGGGCAACCAGGGGGCCCC,3.676450729370117,1,150,3090,3.676450729370117,-22.676450729370117,-19.0,0.529,0,((.((((.(((....(((.....))).)).((((....))))).)))))),0,0,0,0,0,0.33299999999999996,0.07699999999999996,0,0
GGAGGCUGCGGAACGCAGUGAAACUGACCACGUGGCAACGCGGGGGCCCC,3.687427520751953,1,150,3100,3.687427520751953,-21.4874267578125,-17.799999237060547,0.529,0,((.((((.(((....(((.....))).)).((((....))))).)))))),0,0,0,0,0,0.33299999999999996,0.07699999999999996,0,0
